intensidad_media,mediana,desviacion_std,varianza,asimetria,curtosis,p10,p90,rango,homogeneidad,energia,contraste,correlacion,entropia,lbp_entropia,lbp_energia,area,circularidad,compacidad,solidez,excentricidad,extension,Clase
0.293508,0.2784314,0.1296524,0.01680974,1.389556,7.692455,0.145098,0.4509804,0.3058824,0.9598056,0.2955175,0.2042374,0.9520284,6.81722,2.542365,0.2109673,17079,0.771468,1.29623,0.9684718,0.8554781,0.7933389,1
0.1129065,0.07843138,0.123291,0.01520068,1.935916,8.827124,0.003921569,0.2588235,0.254902,0.9851809,0.4449292,0.07130108,0.9895308,6.033064,2.703376,0.1802586,96144,0.8138127,1.228784,0.9218909,0.7484583,0.669993,2
0.1499609,0.1254902,0.1136523,0.01291686,4.220183,23.69172,0.07843138,0.2117647,0.1333333,0.9623464,0.5137025,0.4366018,0.9288201,5.731259,2.930119,0.1496758,4995,0.945001,1.0582,0.9706568,0.5620143,0.7446333,2
0.04992129,0.01574803,0.08480859,0.007192496,3.938387,23.29861,0.01181102,0.1299213,0.1181102,0.9898709,0.5685868,0.09481726,0.9840689,4.175357,2.456969,0.2459386,115168,0.845194,1.18316,0.96814,0.7982499,0.7505784,2
0.2799631,0.282353,0.120397,0.01449544,0.1729932,2.756732,0.1137255,0.4352941,0.3215686,0.9727733,0.3140303,0.1266097,0.9779509,6.937982,2.771072,0.1774235,68194,0.4922256,2.031589,0.8537163,0.8187495,0.5887421,3
0.07959695,0.04761905,0.09943696,0.009887709,3.652641,21.90834,0.01428571,0.1857143,0.1714286,0.9849061,0.5403866,0.1324125,0.9783566,5.18891,2.576504,0.2134341,41888,0.9387661,1.065228,0.9922069,0.7162002,0.7398223,2
0.4161461,0.4071146,0.1435079,0.02059451,0.2678679,2.55181,0.2332016,0.6126482,0.3794466,0.9566936,0.2703081,0.1726706,0.9544312,7.183159,2.702008,0.1898619,33303,0.8641409,1.157219,0.9876921,0.8147722,0.7197847,2
0.3316158,0.3137255,0.1470555,0.02162532,0.751365,3.866836,0.1529412,0.5333334,0.3803922,0.9598294,0.2566664,0.1687133,0.962636,7.133335,2.875656,0.1579664,77113,0.8244393,1.212945,0.964021,0.6628496,0.7423277,2
0.237454,0.2196078,0.1221701,0.01492553,1.621262,7.725718,0.1098039,0.3882353,0.2784314,0.9614593,0.2948805,0.1377668,0.9742664,6.77689,2.714821,0.1863814,52716,0.9135107,1.094678,0.9736798,0.7216415,0.7419459,2
0.4315258,0.4051724,0.1812109,0.03283739,0.3178336,2.041803,0.2198276,0.6896552,0.4698276,0.9439471,0.2236503,0.2430446,0.9420418,7.247462,2.620002,0.20236,11502,0.8559733,1.168261,0.9570644,0.6271101,0.6687598,2
0.1951091,0.1735537,0.09727867,0.00946314,1.941801,8.649632,0.1033058,0.3016529,0.1983471,0.9631937,0.419301,0.1413715,0.9715573,6.278218,2.762642,0.1764719,71714,0.9108797,1.09784,0.9688986,0.508067,0.7971942,2
0.1973804,0.1647059,0.1211013,0.01466554,0.9342452,3.517426,0.06666667,0.3686275,0.3019608,0.9817187,0.3416371,0.1255559,0.9790252,6.715078,2.804404,0.1665169,57613,0.8616574,1.160554,0.9597688,0.7245829,0.7014513,2
0.2529428,0.2113821,0.194237,0.037728,0.7732174,2.687916,0.04878049,0.5569106,0.5081301,0.9781199,0.2936722,0.1076604,0.9826621,7.148682,2.753952,0.175166,137329,0.5575932,1.793422,0.8261981,0.6417964,0.5970826,2
0.3088477,0.296748,0.09384628,0.008807125,1.868914,10.2254,0.2154472,0.402439,0.1869919,0.9609561,0.3530391,0.15824,0.964883,6.323926,2.712851,0.1881973,27325,0.9519367,1.05049,0.9876744,0.6456261,0.7007489,2
0.1941976,0.09803922,0.2272253,0.05163135,1.578643,5.547507,0.007843138,0.4627451,0.454902,0.9848652,0.3236025,0.05366943,0.9914153,6.545836,2.60446,0.2042035,235323,0.7398445,1.351635,0.9319169,0.7239376,0.6795723,2
0.1467192,0.07058824,0.2083737,0.04341958,2.379693,8.359427,0.01176471,0.4117647,0.4,0.979796,0.4197528,0.07929187,0.9879206,6.228582,2.6515,0.1934573,107860,0.8837929,1.131487,0.9632249,0.7417082,0.6988648,2
0.1929586,0.184,0.07125241,0.005076906,1.934089,13.37034,0.12,0.272,0.152,0.9694914,0.4500652,0.1684108,0.9678023,5.987805,2.79143,0.1710116,41877,0.8523344,1.173248,0.9844841,0.803933,0.7836851,2
0.05650492,0.02419355,0.09101839,0.008284346,4.162699,26.3466,0.008064516,0.141129,0.1330645,0.9879611,0.5974054,0.1335772,0.9755226,4.947662,2.330102,0.2734475,57643,0.9853109,1.014908,0.9908382,0.3633468,0.7820241,2
0.3392052,0.336,0.08909471,0.007937867,1.264269,10.22945,0.248,0.44,0.192,0.9481606,0.436222,0.4461701,0.8851658,6.296983,2.760422,0.1773555,3810,0.7942765,1.259007,0.952024,0.8431178,0.7335387,1
0.1427924,0.1141732,0.11212,0.0125709,1.595911,6.394137,0.03543307,0.2913386,0.2559055,0.9812039,0.4525829,0.09729771,0.9827569,6.405451,2.761693,0.1713952,58378,0.897324,1.114425,0.9684473,0.6881179,0.7579098,2
0.3420808,0.3333333,0.120598,0.01454387,2.004704,10.31311,0.2162162,0.4414414,0.2252252,0.9434411,0.3658478,0.4051082,0.9039055,6.380527,2.793747,0.1733064,6597,0.7710951,1.296857,0.9754547,0.8731605,0.7243083,2
0.3888183,0.3843137,0.1339394,0.01793977,0.4790932,3.644,0.2117647,0.5529412,0.3411765,0.9514422,0.3031129,0.1803278,0.9504491,7.072356,2.698364,0.1894335,18405,0.9391255,1.06482,0.9858061,0.7138245,0.7676747,1
0.2467627,0.194332,0.1727173,0.02983126,0.7848673,2.79375,0.06477733,0.4939271,0.4291498,0.9716432,0.2880133,0.1392117,0.9734429,6.995834,2.760841,0.1738573,31061,0.9723679,1.028417,0.9905919,0.6212319,0.7470178,1
0.1144408,0.07843138,0.09346425,0.008735565,1.293551,5.227047,0.02352941,0.2509804,0.227451,0.9863136,0.4578985,0.1247817,0.9812769,6.09894,2.720481,0.1755443,45970,0.9378783,1.066236,0.982895,0.5110717,0.6853931,1
0.4668523,0.43083,0.1685683,0.02841528,0.4868671,2.527648,0.2687747,0.7233202,0.4545455,0.9658138,0.2685136,0.101591,0.9707566,7.349428,2.716621,0.1844855,125486,0.8500876,1.176349,0.968428,0.5096127,0.7305042,2
0.4126769,0.4078431,0.1488831,0.02216617,0.3229325,3.320361,0.2156863,0.6039216,0.3882353,0.9600166,0.2845263,0.1408674,0.9577993,7.255492,2.713913,0.1869956,88436,0.8836445,1.131677,0.980074,0.8056798,0.7960896,2
0.2963215,0.2716049,0.1318725,0.01739037,1.212176,5.641281,0.1563786,0.4609053,0.3045267,0.9548244,0.2687994,0.2278692,0.9522331,6.85765,2.698643,0.1860492,21931,0.9385877,1.065431,0.9914109,0.741433,0.7495216,1
0.2449228,0.2357724,0.0797082,0.006353398,0.8856109,4.847599,0.1504065,0.3495935,0.199187,0.9414186,0.2702217,0.2964473,0.9461437,6.227119,2.684012,0.189232,10231,0.7895244,1.266585,0.9685695,0.8213473,0.711227,1
0.1296236,0.05098039,0.1745971,0.03048416,2.034901,7.092018,0.01176471,0.372549,0.3607843,0.981937,0.4639089,0.07259274,0.9858765,5.498679,2.467801,0.2460604,104544,0.9035749,1.106715,0.9667557,0.6637005,0.7965986,2
0.1987042,0.1803922,0.08402552,0.007060289,2.491718,14.64838,0.1215686,0.2941177,0.172549,0.9685471,0.4072489,0.1925531,0.9654479,6.081964,2.892218,0.1570859,21524,0.9480064,1.054845,0.9787641,0.4658572,0.7584214,2
0.1936509,0.1843137,0.08633538,0.007453798,2.203554,13.949,0.1019608,0.282353,0.1803922,0.9636377,0.4388734,0.1770277,0.9611854,6.253454,2.69766,0.186664,49232,0.9344968,1.070095,0.9900059,0.7171925,0.8212725,2
0.3913541,0.3607843,0.1568101,0.02458939,0.6753417,2.790859,0.2196078,0.6117647,0.3921569,0.9617617,0.2533298,0.1146283,0.973313,7.166666,2.713595,0.186147,57590,0.8603708,1.16229,0.9795051,0.815476,0.6933709,2
0.1293138,0.1137255,0.06443871,0.004152347,2.191848,10.11398,0.07450981,0.2078431,0.1333333,0.9708385,0.4718085,0.4231906,0.9394763,5.618681,2.556984,0.2088153,5006,0.8751734,1.142631,0.9765899,0.8181,0.6690724,1
0.4333961,0.4330709,0.1117778,0.01249427,0.4576533,4.275017,0.2992126,0.5629922,0.2637795,0.9570805,0.3257954,0.1604491,0.9578192,6.79344,2.793907,0.1783389,10459,0.8607467,1.161782,0.9722971,0.8154439,0.6604572,1
0.2291409,0.2156863,0.08376512,0.007016595,1.282822,6.94492,0.1372549,0.3294118,0.1921569,0.9751698,0.3190258,0.1049039,0.9799994,6.280827,2.782342,0.1728071,100134,0.8699005,1.149557,0.9671512,0.7289875,0.7485311,2
0.2546833,0.203252,0.1671039,0.02792371,2.362767,8.052889,0.1341463,0.4430894,0.3089431,0.9219486,0.2991249,0.5221211,0.9062244,6.404888,2.872262,0.1584329,9494,0.8777851,1.139231,0.9857751,0.8190547,0.7598239,1
0.3075576,0.2745098,0.1407952,0.0198233,1.437855,5.550102,0.1686275,0.4980392,0.3294118,0.9585647,0.2590702,0.1306575,0.9746817,6.95366,2.764458,0.1786545,144769,0.8198864,1.219681,0.9480243,0.8096035,0.6928868,2
0.1374283,0.09411765,0.1295242,0.01677652,1.988571,7.640568,0.02352941,0.3145098,0.2909804,0.986663,0.4796785,0.08033898,0.9846333,6.430786,2.757141,0.1696312,102813,0.9296988,1.075617,0.9814147,0.2345283,0.786778,2
0.2754839,0.2352941,0.2274317,0.05172516,0.7672343,2.764124,0.02745098,0.6039216,0.5764706,0.9612395,0.2461737,0.1279999,0.9750891,7.387812,2.699515,0.1865078,46986,0.8479727,1.179283,0.9324839,0.6832098,0.7524984,2
0.2463269,0.2413793,0.07435879,0.00552923,0.9450859,5.801491,0.1594828,0.3383621,0.1788793,0.9392993,0.2789575,0.3694489,0.9212936,6.05494,2.868589,0.1594552,7440,0.762526,1.311431,0.954948,0.8778227,0.7813485,2
0.2491644,0.2392157,0.08234256,0.006780297,1.305729,7.858998,0.1568628,0.3490196,0.1921569,0.9736854,0.3089667,0.1249962,0.9745976,6.27742,2.832486,0.1614244,45864,0.9777669,1.022739,0.991354,0.5805406,0.7579323,2
0.221397,0.199187,0.1313802,0.01726075,1.114272,4.967933,0.06910569,0.395122,0.3260162,0.9678445,0.305645,0.1449435,0.9756693,6.848286,2.818142,0.1656471,48733,0.6596086,1.516051,0.8566481,0.8381647,0.6898392,3
0.3472497,0.3446808,0.1106706,0.01224798,0.08426485,3.409865,0.2170213,0.4893617,0.2723404,0.9558022,0.3525717,0.1983648,0.9523122,6.69547,2.788484,0.1743392,12616,0.9135945,1.094578,0.9853171,0.7326267,0.7138573,1
0.156797,0.1309524,0.1255017,0.01575067,0.8402134,3.030143,0.02380952,0.3412699,0.3174603,0.9711852,0.4321305,0.1692093,0.9573661,6.558098,2.767996,0.1683576,62457,0.9574894,1.044398,0.991743,0.5758172,0.8491312,2
0.1732462,0.1764706,0.0801115,0.006417853,0.6848757,5.761862,0.0627451,0.2627451,0.2,0.973487,0.4110575,0.1302064,0.979796,6.274866,2.733967,0.1794457,81637,0.8119981,1.23153,0.9468343,0.7498323,0.6945111,2
0.4400412,0.4448819,0.1100002,0.01210004,-0.3434621,3.495275,0.3070866,0.5708662,0.2637795,0.9635631,0.300451,0.1250444,0.9640089,6.810618,2.843391,0.1647919,92251,0.8789963,1.137661,0.959379,0.7022434,0.7176944,2
0.481785,0.5137255,0.1869674,0.03495682,-0.7295782,3.40349,0.2078431,0.682353,0.4745098,0.9603297,0.2427055,0.1223911,0.9627065,7.390207,2.773892,0.1765875,132727,0.7487572,1.335546,0.929168,0.8551574,0.7484113,2
0.2496088,0.2235294,0.1196707,0.01432109,1.602996,6.896451,0.1294118,0.4,0.2705882,0.9630989,0.2880623,0.1084261,0.9796317,6.726787,2.752532,0.1765388,182814,0.8354155,1.197009,0.9829185,0.8436058,0.7393325,1
0.06722439,0.02745098,0.1061443,0.01126661,2.928232,11.8817,0.003921569,0.1529412,0.1490196,0.9907001,0.4732611,0.08907399,0.987673,5.235592,2.537116,0.2304985,67248,0.7769798,1.287035,0.9660681,0.8111979,0.6366554,2
0.1668932,0.1490196,0.06405713,0.004103315,2.475854,15.10897,0.1098039,0.2509804,0.1411765,0.9842688,0.4408053,0.1050746,0.9850243,5.613128,2.870024,0.1557233,71852,0.8375706,1.193929,0.9516569,0.7865616,0.6489816,2
0.19519,0.1859504,0.1018016,0.01036356,0.5413501,3.037738,0.0661157,0.3305785,0.2644628,0.9518713,0.3157513,0.3944214,0.9361939,6.554224,2.744615,0.1794743,6136,0.847462,1.179994,0.9602504,0.7752786,0.6869682,1
0.3260605,0.3201581,0.1052619,0.01108007,1.588233,8.797995,0.2055336,0.4347826,0.229249,0.9460135,0.3687578,0.3974445,0.9000984,6.50748,2.902357,0.1564681,5449,0.7799755,1.282092,0.9770486,0.8945763,0.7631653,1
0.2366916,0.2235294,0.1226253,0.01503697,1.409822,7.234305,0.09019608,0.3764706,0.2862745,0.9653623,0.307276,0.1643151,0.974595,6.797892,2.774545,0.1777822,23027,0.7623975,1.311652,0.9288826,0.8702797,0.5904359,1
0.1817058,0.1501976,0.1250772,0.01564431,1.263648,4.674701,0.05533597,0.3596838,0.3043478,0.9759567,0.3656072,0.1353969,0.9779738,6.720296,2.793878,0.1705903,31668,0.7687982,1.300731,0.9598399,0.878684,0.7030303,2
0.2785541,0.2901961,0.1414871,0.02001861,0.07109095,3.124861,0.05490196,0.4470588,0.3921569,0.9642778,0.2917634,0.1224738,0.9735845,7.061926,2.644311,0.195509,62494,0.9442958,1.05899,0.9860675,0.465107,0.7482519,2
0.2646685,0.2627451,0.1101099,0.01212419,0.8026007,4.501517,0.1294118,0.3882353,0.2588235,0.9815739,0.3116357,0.0809077,0.9827062,6.731275,2.80719,0.1670189,98149,0.9137964,1.094336,0.9758302,0.3060458,0.7642099,2
0.3000901,0.282353,0.1300055,0.01690144,1.06993,4.934473,0.1568628,0.4705882,0.3137255,0.9461951,0.2619199,0.2226287,0.9533401,6.937,2.693887,0.1920323,13597,0.8838037,1.131473,0.9878669,0.8124501,0.7337039,1
0.1090181,0.08467742,0.08801266,0.007746228,3.196664,16.55265,0.04435484,0.1814516,0.1370968,0.9850662,0.5347782,0.1444156,0.9759627,5.732577,2.79291,0.168779,34258,0.9015412,1.109212,0.9870915,0.7846305,0.7450631,2
0.2780653,0.2470588,0.1567301,0.02456432,1.063145,4.301918,0.1058824,0.4901961,0.3843137,0.9525157,0.2542644,0.2084082,0.9584248,7.176087,2.560064,0.2087076,33623,0.8510593,1.175006,0.9565032,0.6583574,0.7487085,3
0.3472915,0.3293173,0.1012704,0.0102557,0.7657134,3.688655,0.2289157,0.4859438,0.2570281,0.9321557,0.3300792,0.3182983,0.9269645,6.558982,2.881706,0.1602974,4321,0.7077528,1.412923,0.8883635,0.846996,0.681116,2
0.1757683,0.1532258,0.1096212,0.0120168,2.88417,16.03887,0.08064516,0.2822581,0.2016129,0.9584783,0.4546164,0.3258585,0.9363452,6.317752,2.683467,0.1840969,11188,0.9049163,1.105075,0.9790846,0.7083359,0.7968661,1
0.4609303,0.4627451,0.1817595,0.0330365,0.1157114,2.63344,0.2078431,0.7019608,0.4941176,0.954468,0.2234763,0.1828198,0.9456652,7.535552,2.652518,0.1958888,38534,0.969199,1.03178,0.9892688,0.4773896,0.7831636,2
0.1196577,0.108,0.07272084,0.005288321,8.460023,87.0741,0.08,0.156,0.076,0.9792421,0.4788384,0.371939,0.9525995,4.916749,2.915891,0.1544114,6765,0.7230411,1.383047,0.9726815,0.9230427,0.567248,1
0.287862,0.2509804,0.1578149,0.02490554,0.9774123,3.688222,0.1254902,0.5019608,0.3764706,0.9624425,0.2668307,0.2160789,0.962642,7.05408,2.797047,0.1726228,19995,0.8707527,1.148432,0.9604669,0.7589738,0.6529193,1
0.2939166,0.2784314,0.09389463,0.008816201,0.9935528,4.787553,0.1882353,0.4235294,0.2352941,0.9668471,0.3069735,0.1196328,0.9754461,6.485364,2.789703,0.172354,102377,0.8630905,1.158627,0.966751,0.6948699,0.7143345,2
0.4918951,0.4941176,0.1535725,0.02358453,0.1499651,2.654747,0.2901961,0.6901961,0.4,0.9599553,0.2559845,0.122625,0.9582659,7.302483,2.724007,0.1847251,98768,0.9326919,1.072165,0.9855217,0.65861,0.7631233,2
0.1644441,0.1417004,0.1037613,0.0107664,4.55657,30.68042,0.09554656,0.2591093,0.1635628,0.9457741,0.493794,0.7232392,0.8645624,5.709314,2.942886,0.1506826,1873,0.9930892,1.006959,0.9826863,0.6384549,0.7492,2
0.2398929,0.1607843,0.1916379,0.03672508,1.796444,5.982107,0.09411765,0.5058824,0.4117647,0.97396,0.330992,0.1091591,0.9838438,6.866688,2.63097,0.1958548,16578,0.7972371,1.254332,0.9497565,0.8655515,0.6023983,1
0.2919317,0.2771084,0.08900927,0.00792265,2.412464,14.56948,0.2048193,0.3895582,0.1847389,0.9576552,0.3303596,0.2545462,0.9544209,6.165662,2.794901,0.1714137,7605,0.6668641,1.499556,0.933931,0.9112303,0.5571429,2
0.2930954,0.2892562,0.08757082,0.007668649,0.4177845,3.346168,0.1818182,0.4090909,0.2272727,0.9503711,0.313618,0.2449159,0.947812,6.403162,2.67989,0.1887027,14268,0.8969244,1.114921,0.9880202,0.8024207,0.7178868,1
0.2576396,0.2125984,0.1606934,0.02582237,1.18508,4.160766,0.09448819,0.476378,0.3818898,0.968179,0.2828806,0.1669002,0.9698399,7.039579,2.636969,0.1987518,12267,0.9452034,1.057973,0.9820671,0.6035109,0.7198943,2
0.1894664,0.1632653,0.1134072,0.01286119,4.776171,25.81989,0.1428571,0.2122449,0.06938776,0.9553922,0.5483434,0.536775,0.9012756,4.729057,2.915998,0.1487995,5741,0.9931071,1.006941,0.9865956,0.562839,0.7914254,1
0.3717648,0.3613445,0.1322463,0.01748907,1.233861,7.308332,0.2352941,0.5210084,0.2857143,0.943347,0.3360681,0.3036475,0.9237398,6.778641,2.777488,0.1803952,8058,0.820579,1.218652,0.9689755,0.8020529,0.7208803,1
0.08660913,0.03187251,0.1415756,0.02004365,2.991449,13.25768,0.003984064,0.2430279,0.2390438,0.9864265,0.5451167,0.06002076,0.9883851,5.392472,2.448627,0.2519965,156674,0.8156236,1.226056,0.951142,0.801284,0.7974449,2
0.1159464,0.1028807,0.06427974,0.004131885,4.965656,54.14291,0.0617284,0.1769547,0.1152263,0.9860647,0.5264098,0.2035639,0.9702376,5.37761,2.742528,0.1712099,21596,0.9368916,1.067359,0.9823508,0.4970775,0.6878583,2
0.07950731,0.04888889,0.1002005,0.01004014,4.09342,23.17554,0.02222222,0.1555556,0.1333333,0.9846796,0.5560109,0.1596623,0.9734772,5.107808,2.734344,0.1753138,35686,0.9259294,1.079996,0.985012,0.5855615,0.7477893,2
0.06281894,0.008403362,0.1136626,0.01291918,3.390956,18.10224,0.004201681,0.1932773,0.1890756,0.9885911,0.5110237,0.0694853,0.9894697,4.278287,2.276645,0.303326,103888,0.8587318,1.164508,0.9618191,0.6962884,0.7021262,2
0.3624667,0.368,0.1718765,0.02954154,0.1343191,2.292569,0.14,0.588,0.448,0.9476496,0.219745,0.3040344,0.933987,7.360031,2.676865,0.1931284,11844,0.8986794,1.112744,0.9730529,0.6815715,0.7128069,2
0.2037466,0.2098765,0.1324159,0.01753396,0.912369,5.664406,0.02880658,0.3539095,0.3251029,0.9601836,0.3011754,0.2226012,0.9620305,6.742328,2.639901,0.1971522,21398,0.906755,1.102834,0.987904,0.7602937,0.7014818,1
0.2551857,0.2409091,0.1337638,0.01789276,0.8435417,4.237169,0.1,0.4318182,0.3318182,0.95027,0.2644467,0.2128398,0.958221,6.808406,2.634113,0.194428,22754,0.8966243,1.115294,0.9839993,0.7047994,0.7463264,3
0.1412387,0.1215686,0.0770263,0.005933051,2.46172,14.54075,0.07058824,0.2313726,0.1607843,0.9879864,0.4946347,0.0788508,0.9876136,5.938361,2.748097,0.1773679,136046,0.8627482,1.159087,0.9567969,0.684531,0.713321,2
0.5004238,0.5058824,0.172279,0.02968004,-0.04424873,2.482072,0.2705882,0.7254902,0.454902,0.9542316,0.2338823,0.1859481,0.9401558,7.471037,2.595906,0.2023973,35017,0.9154801,1.092323,0.9633023,0.4458121,0.7579437,2
0.2732777,0.2450593,0.1517837,0.02303828,0.5175441,2.459907,0.09090909,0.4901186,0.3992095,0.9675832,0.2686432,0.1459355,0.9721424,7.128667,2.727189,0.184336,53487,0.9329484,1.071871,0.9912894,0.6976936,0.7264985,3
0.3125524,0.2901961,0.1373372,0.0188615,0.7194457,3.52504,0.1568628,0.5019608,0.345098,0.978,0.2804375,0.09677304,0.9799988,7.090031,2.786063,0.1681783,161549,0.8835612,1.131783,0.9879887,0.5381187,0.7173356,2
0.3702732,0.3700787,0.1658709,0.02751314,0.1824963,3.120673,0.1496063,0.5787402,0.4291339,0.9563156,0.2611816,0.1978859,0.9483324,7.381938,2.777248,0.176767,24280,0.9281095,1.077459,0.975453,0.4882355,0.7799049,1
0.3083372,0.2806324,0.1523307,0.02320465,0.5703379,2.800272,0.1264822,0.5217391,0.3952569,0.9534901,0.2605141,0.1651119,0.9533352,7.216943,2.687868,0.1917595,55375,0.9174619,1.089964,0.9907323,0.7530472,0.8492447,2
0.2157066,0.1927711,0.1317559,0.01735963,0.8638642,3.587759,0.07228915,0.4016064,0.3293173,0.9692607,0.3202268,0.1628224,0.9754645,6.905517,2.784453,0.1732553,22089,0.7475953,1.337622,0.9232216,0.8201343,0.5961943,1
0.383122,0.3764706,0.1862811,0.03470066,0.6162516,3.215997,0.1529412,0.6078432,0.454902,0.9492741,0.2123139,0.2551048,0.9366699,7.31108,2.762257,0.1780033,9046,0.7681675,1.301799,0.9625452,0.8910345,0.7935088,1
0.087044,0.06666667,0.08397188,0.007051277,2.262581,11.6615,0.01176471,0.1843137,0.172549,0.9891048,0.5378498,0.0957535,0.9846721,5.856148,2.780632,0.1667842,74987,0.9040951,1.106078,0.9684239,0.4083228,0.728935,1
0.178065,0.1587302,0.1154664,0.0133325,1.389988,6.228836,0.0515873,0.3253968,0.2738095,0.9705493,0.3586225,0.1914213,0.9726895,6.640666,2.676116,0.1891535,17060,0.7798319,1.282328,0.9770905,0.8878981,0.6010005,1
0.1054323,0.06666667,0.1099206,0.01208254,2.660265,11.79161,0.02745098,0.2431373,0.2156863,0.9865879,0.504565,0.09182189,0.9844893,6.009265,2.817329,0.1672864,80288,0.9451395,1.058045,0.985782,0.5589859,0.7469763,2
0.1467736,0.1241379,0.0917059,0.008409972,2.561687,13.20336,0.06896552,0.2344828,0.1655172,0.9724497,0.5130866,0.242481,0.9581414,5.323606,2.604968,0.19269,10210,0.9503613,1.052231,0.9828649,0.6287068,0.7600685,2
0.1461211,0.08235294,0.1533005,0.02350103,2.193068,7.764399,0.03921569,0.3411765,0.3019608,0.9838778,0.4329821,0.08066104,0.9864475,6.370712,2.827277,0.1674775,87719,0.9439913,1.059332,0.9869375,0.4749113,0.7385619,2
0.2652884,0.2637795,0.07598431,0.005773615,0.8997639,6.952064,0.1732284,0.3543307,0.1811024,0.972398,0.3080337,0.1117736,0.979256,6.237455,2.832724,0.1640918,100411,0.8270814,1.209071,0.940354,0.6589705,0.6737185,2
0.1401553,0.06666667,0.189596,0.03594664,2.281016,8.238652,0.007843138,0.3764706,0.3686275,0.9826959,0.464655,0.0711982,0.9870525,6.334885,2.674417,0.1891557,100816,0.9530956,1.049213,0.9794523,0.4725929,0.7808656,2
0.1218074,0.06530612,0.1387652,0.01925579,2.234305,8.343224,0.0244898,0.3061225,0.2816327,0.9683672,0.4617202,0.2189636,0.9609155,6.154994,2.773939,0.1720688,12565,0.9465312,1.056489,0.9882807,0.709123,0.766626,2
0.07891326,0.05691057,0.08218401,0.006754212,2.815722,12.42338,0.01219512,0.1544715,0.1422764,0.9904791,0.5421711,0.07288207,0.9882241,5.271398,2.682036,0.190615,90764,0.8871717,1.127177,0.9708522,0.5164996,0.7327005,2
0.06754453,0.003921569,0.135849,0.01845494,2.798288,11.06838,0.003921569,0.2509804,0.2470588,0.9894959,0.4631643,0.08881945,0.9870219,4.002088,2.225191,0.3132269,102799,0.8104246,1.233921,0.9636563,0.8386322,0.6715597,2
0.1442352,0.09016393,0.1476878,0.02181169,1.331617,4.561741,0.01229508,0.3770492,0.3647541,0.9806382,0.4398223,0.1233991,0.9750149,6.121362,2.694793,0.1871528,76666,0.8155224,1.226208,0.9627174,0.4680895,0.7994035,2
0.3230596,0.314741,0.1659722,0.02754677,0.3547716,2.461982,0.1075697,0.5418327,0.434263,0.9627146,0.2488111,0.1523429,0.9659522,7.275926,2.730318,0.1826645,31669,0.9221763,1.084391,0.986481,0.6830035,0.7625939,1
0.2990202,0.2887029,0.09459611,0.008948424,0.7037628,4.24241,0.1841004,0.41841,0.2343096,0.9644627,0.3323626,0.1439532,0.9665156,6.486479,2.697331,0.1871,63458,0.9198512,1.087132,0.9834485,0.6004379,0.7558843,2
0.183614,0.1752988,0.05621671,0.003160319,5.61871,66.1997,0.1314741,0.2390438,0.1075697,0.9705857,0.5170824,0.3468404,0.9371846,5.370694,2.925035,0.1508504,7507,0.9910307,1.00905,0.9865948,0.5774148,0.776158,2
0.05677438,0.02745098,0.09931102,0.009862678,4.690697,31.44324,0.007843138,0.1333333,0.1254902,0.987399,0.5928407,0.07599685,0.9862928,4.975156,2.434076,0.2595283,77683,0.805365,1.241673,0.942835,0.8627538,0.7774675,1
0.2188679,0.2163743,0.08266463,0.006833442,0.3205788,2.986956,0.1111111,0.3274854,0.2163743,0.9378414,0.2884456,0.3229194,0.9380155,5.831244,2.66626,0.1876607,11456,0.9607888,1.040811,0.9869056,0.3195046,0.7572713,2
0.1770772,0.09411765,0.1943157,0.03775859,1.368374,3.967347,0.01176471,0.4941176,0.4823529,0.9825487,0.3736602,0.08095597,0.985747,6.693718,2.823802,0.1618879,69292,0.8206146,1.218599,0.9275293,0.6256278,0.7476882,2
0.2328957,0.2047244,0.1450619,0.02104295,1.149159,4.534208,0.07086615,0.4370079,0.3661417,0.9689633,0.3005791,0.1273947,0.9798149,7.007063,2.804343,0.1672587,52334,0.6330144,1.579743,0.8143468,0.8299708,0.6320531,3
0.1993211,0.1587302,0.1049926,0.01102344,1.602893,5.68763,0.1071429,0.3531746,0.2460317,0.9877515,0.3925535,0.070242,0.9877192,6.272793,2.795716,0.1658017,136299,0.8523918,1.173169,0.9780142,0.7880432,0.7397503,2
0.3247398,0.2698413,0.1693578,0.02868207,1.221789,3.936378,0.1666667,0.5912699,0.4246032,0.9573475,0.2312214,0.1506657,0.9686863,7.102048,2.797691,0.1665308,71628,0.8289479,1.206348,0.9840633,0.8311949,0.7414907,2
0.2638401,0.2576419,0.112698,0.01270083,0.89331,4.653561,0.1266375,0.4017467,0.2751092,0.975067,0.2958204,0.1030317,0.9819841,6.628548,2.806661,0.1678654,76508,0.8581072,1.165356,0.9597933,0.729781,0.6527541,2
0.3672025,0.3661417,0.08536175,0.007286628,0.6427494,6.154349,0.2677165,0.4685039,0.2007874,0.9636661,0.5223554,0.1911309,0.9332044,6.40715,2.725666,0.1829495,18283,0.7623572,1.311721,0.9801115,0.9053175,0.8218556,1
0.3133596,0.2941177,0.1608247,0.0258646,0.4859755,2.610382,0.1176471,0.5333334,0.4156863,0.9553776,0.2419295,0.2119007,0.958638,7.282359,2.596329,0.2041006,23122,0.8959135,1.116179,0.9845852,0.7960597,0.6971598,2
0.4121966,0.3849206,0.1517973,0.02304241,0.9686999,3.876009,0.2460317,0.6388889,0.3928571,0.9669842,0.3164208,0.1043865,0.973353,7.122467,2.865311,0.1609631,92754,0.8643633,1.156921,0.971185,0.5494209,0.7084622,2
0.1090801,0.04897959,0.1456819,0.02122323,2.576234,11.01557,0.0122449,0.2897959,0.277551,0.9696739,0.4336621,0.2471533,0.9625136,5.939226,2.716926,0.1772164,16791,0.8233194,1.214595,0.9480014,0.7458768,0.6928409,2
0.1687054,0.1071429,0.1501765,0.02255297,1.779076,5.842545,0.04761905,0.3968254,0.3492064,0.9773906,0.3872382,0.1180483,0.9809783,6.596094,2.798161,0.1711988,47734,0.879874,1.136526,0.9511039,0.6503527,0.707747,1
0.3733245,0.3705179,0.09397747,0.008831765,0.5652963,5.009109,0.2629482,0.4860558,0.2231076,0.9591488,0.4174214,0.2717283,0.9286559,6.521347,2.792335,0.1719615,7149,0.9362168,1.068129,0.9766393,0.5113413,0.7225592,2
0.2739266,0.2627451,0.1212556,0.01470292,1.744229,8.405234,0.145098,0.4039216,0.2588235,0.9517,0.279835,0.2571861,0.943853,6.706753,2.787638,0.1736963,13407,0.9888573,1.011268,0.9877698,0.3894908,0.7701631,1
0.3785153,0.3658537,0.09166062,0.008401669,1.351176,7.478636,0.2764228,0.4918699,0.2154472,0.9582862,0.4217077,0.2482913,0.9370166,6.349872,2.761284,0.1748979,5568,0.8969415,1.1149,0.9801092,0.6595559,0.680851,1
0.1294959,0.1176471,0.07157253,0.005122628,2.122607,11.76998,0.05490196,0.2039216,0.1490196,0.9879141,0.5819985,0.1070758,0.9797474,5.921493,2.782299,0.1682214,86968,0.8285485,1.20693,0.9739839,0.7596211,0.7886466,2
0.1478084,0.1176471,0.1586677,0.02517543,1.928633,7.035594,0.01260504,0.3487395,0.3361345,0.9875243,0.4265597,0.06102047,0.9905569,5.863583,2.384658,0.2649446,214492,0.9124216,1.095985,0.9916092,0.4333491,0.6963664,2
0.2921375,0.2896825,0.1448638,0.02098552,0.7014421,4.506849,0.1031746,0.4603175,0.3571429,0.9397174,0.2686056,0.3148776,0.9290372,7.075358,2.620779,0.2002287,7712,0.8556746,1.168669,0.9824204,0.8367774,0.7731329,1
0.3917573,0.4023905,0.116341,0.01353524,0.02893654,3.086809,0.2270916,0.5258964,0.2988048,0.9538214,0.3427363,0.2194883,0.9384751,6.834595,2.698287,0.189795,12619,0.8236396,1.214123,0.9733878,0.8632768,0.7722766,1
0.4100764,0.3873518,0.1725855,0.02978576,0.5212269,2.856029,0.201581,0.6482214,0.4466403,0.9537221,0.24063,0.1347365,0.9625133,7.415923,2.587727,0.2088001,47815,0.9540876,1.048122,0.991416,0.683638,0.783981,2
0.1580212,0.1490196,0.08613087,0.007418528,2.781611,18.80972,0.07058824,0.2313726,0.1607843,0.9819199,0.5605063,0.0993961,0.980644,6.127732,2.831241,0.1626979,82260,0.8008932,1.248606,0.9513566,0.7942315,0.797093,2
0.3490218,0.3601695,0.1213233,0.01471934,-0.05540509,3.265577,0.1694915,0.4872881,0.3177966,0.9595613,0.3718493,0.20871,0.9343578,6.799976,2.600488,0.2043601,13469,0.8298339,1.20506,0.987753,0.8682775,0.8314198,1
0.3173245,0.2862745,0.3035552,0.09214574,0.3604213,1.645115,0.003921569,0.7490196,0.7450981,0.9575766,0.2219247,0.1967413,0.9600981,6.467457,2.710615,0.182109,23882,0.9591679,1.04257,0.9863704,0.5218098,0.7772065,2
0.1926185,0.1653226,0.1122609,0.01260252,4.482349,23.86389,0.141129,0.2419355,0.1008065,0.9555823,0.5445713,0.4555757,0.9015081,4.982876,2.928755,0.1475074,6075,0.9764796,1.024087,0.9862013,0.5573689,0.8358558,1
0.2491366,0.1843137,0.2130743,0.04540064,1.205955,3.995846,0.03137255,0.5647059,0.5333334,0.9694714,0.2828817,0.1072391,0.9806834,7.326825,2.714122,0.1813068,69408,0.8043779,1.243197,0.9510681,0.4736582,0.7321519,2
0.358485,0.3411765,0.163806,0.0268324,0.9555442,4.630415,0.1686275,0.5686275,0.4,0.9612116,0.2813666,0.1464955,0.965169,7.297276,2.571065,0.2119678,43813,0.8856055,1.129171,0.9832581,0.798451,0.7478153,1
0.08237547,0.03149606,0.1092042,0.01192556,2.19723,8.3866,0.01181102,0.2283465,0.2165354,0.987378,0.4725513,0.08531746,0.9875099,4.979533,2.473115,0.2379158,96750,0.6077852,1.645318,0.8729349,0.7064552,0.6748086,2
0.5032535,0.476378,0.1459771,0.0213093,0.5419103,2.792266,0.3385827,0.7125984,0.3740157,0.9404487,0.265215,0.2422466,0.9084286,7.129454,2.741903,0.1791063,9498,0.9753326,1.025291,0.9804893,0.4943628,0.8000337,1
0.2368083,0.2371542,0.1119603,0.01253511,0.2254248,2.839478,0.08300395,0.3794466,0.2964427,0.9614387,0.305199,0.168052,0.9614441,6.804204,2.73758,0.1806064,43389,0.9424308,1.061086,0.9897352,0.6597105,0.8021186,1
0.0986966,0.07905138,0.07515885,0.005648853,4.046054,23.31908,0.05928854,0.1541502,0.09486166,0.9897397,0.5285391,0.08689233,0.9869041,4.978166,2.78126,0.1653294,64350,0.8751456,1.142667,0.9586735,0.7482979,0.7010797,2
0.1704104,0.09019608,0.1856682,0.03447268,1.848524,6.673,0.01960784,0.4235294,0.4039216,0.9799383,0.4016767,0.06814462,0.9867423,6.743052,2.71396,0.1767559,130206,0.8356519,1.196671,0.9662783,0.8058953,0.7922386,2
0.282329,0.282353,0.1227414,0.01506545,0.8044128,4.941472,0.1254902,0.4196078,0.2941177,0.9712217,0.3007708,0.1257477,0.9736502,6.884037,2.858385,0.1611189,64701,0.9127806,1.095553,0.9894935,0.7156214,0.7293705,2
0.08104426,0.05490196,0.0888861,0.007900738,4.050736,26.7051,0.02352941,0.1647059,0.1411765,0.9889782,0.5620747,0.08130002,0.9863304,5.458896,2.789833,0.1652734,83416,0.8355014,1.196886,0.9454274,0.7979497,0.7509745,2
0.5567696,0.5708662,0.1575785,0.02483099,-0.3904049,3.080171,0.3582677,0.7440945,0.3858268,0.9640116,0.2736496,0.1353998,0.9468997,7.316525,2.793919,0.1752138,49201,0.9555982,1.046465,0.9881108,0.5939472,0.773917,2
0.1586972,0.1422925,0.1019331,0.01039037,2.399795,15.43425,0.05928854,0.2885376,0.229249,0.9670741,0.3860315,0.3119413,0.9560964,6.229592,2.890614,0.1549073,7593,0.7439717,1.344137,0.9515038,0.8660115,0.6191292,1
0.1642698,0.1410788,0.08481324,0.007193286,1.761186,7.185646,0.09128631,0.2738589,0.1825726,0.980822,0.4202701,0.1489534,0.9790663,6.010696,2.778229,0.1732357,23271,0.8200999,1.219364,0.9614924,0.7323168,0.6295244,2
0.2771741,0.2834646,0.0880339,0.007749967,0.3556378,7.004659,0.1692913,0.3661417,0.1968504,0.9745032,0.3556289,0.1042631,0.9760856,6.380292,2.84271,0.1629392,122376,0.8997979,1.111361,0.9798781,0.73386,0.7483855,2
0.6379756,0.6422764,0.07617596,0.005802777,-0.4404227,4.020802,0.5447155,0.7317073,0.1869919,0.9633754,0.5183916,0.1494772,0.8969406,6.224166,2.907376,0.1568118,11621,0.9732989,1.027434,0.9863351,0.4885345,0.79373,2
0.3011544,0.2173913,0.2703969,0.07311448,0.8465557,2.597102,0.01185771,0.7470356,0.7351779,0.9627218,0.2467086,0.1108202,0.9787385,7.469112,2.732851,0.1789784,74016,0.8615543,1.160693,0.9751393,0.7833664,0.7714822,2
0.1959934,0.1921569,0.1063297,0.01130601,2.521234,13.86553,0.09019608,0.2666667,0.1764706,0.9760286,0.4150404,0.08445279,0.9872732,6.298359,2.837784,0.1636941,97212,0.7910682,1.264114,0.9424608,0.6738037,0.6803371,2
0.1700311,0.1417323,0.1115735,0.01244864,1.296189,5.098544,0.0511811,0.3188976,0.2677165,0.976343,0.3821019,0.1464891,0.9778133,6.60649,2.794937,0.1713372,29804,0.7082202,1.41199,0.9102404,0.9036821,0.6676523,2
0.1664169,0.1463415,0.1005296,0.01010619,1.178039,5.132714,0.05691057,0.300813,0.2439024,0.9699268,0.4264927,0.1613227,0.9692391,6.4804,2.65779,0.1902674,44250,0.9537899,1.048449,0.9876791,0.6216461,0.7802857,2
0.4428364,0.4029126,0.1918688,0.03681362,0.3508563,2.049288,0.223301,0.7184466,0.4951456,0.9372442,0.2193548,0.2847286,0.9106686,7.159759,2.608172,0.2014479,12537,0.9696634,1.031286,0.9832941,0.4900639,0.8158391,2
0.1449551,0.1195219,0.1098741,0.01207231,3.171218,16.20151,0.06374502,0.2350598,0.1713147,0.988874,0.4849227,0.07074204,0.9891745,6.129737,2.844234,0.1599213,122918,0.9022061,1.108394,0.9678888,0.6096248,0.7028505,2
0.3150062,0.282353,0.1285675,0.01652961,1.397896,5.618056,0.1843137,0.4901961,0.3058824,0.9561063,0.2700498,0.1509752,0.9669482,6.837626,2.744402,0.1822862,150597,0.7301837,1.369518,0.9481408,0.8204501,0.7418572,2
0.2100775,0.2,0.1163997,0.0135489,1.730267,8.352384,0.088,0.324,0.236,0.9565918,0.313184,0.2262548,0.9603068,6.617392,2.90481,0.1547841,22256,0.9587181,1.043059,0.9889358,0.5820189,0.7282484,2
0.3501743,0.2979592,0.1651607,0.02727804,0.9835766,3.162261,0.1795918,0.6244898,0.4448979,0.9669321,0.2495161,0.1874836,0.960548,7.082252,2.805639,0.1678607,26310,0.901477,1.109291,0.9747694,0.5246364,0.6991391,2
0.116247,0.04313726,0.1494404,0.02233245,2.063226,7.262695,0.01568628,0.3294118,0.3137255,0.9852998,0.4330803,0.06942031,0.9889791,6.000566,2.678901,0.1799182,111913,0.9146318,1.093336,0.9894524,0.7289519,0.7102882,2
0.05315648,0.007843138,0.0934662,0.008735931,3.07679,15.40589,0.003921569,0.1686275,0.1647059,0.9897721,0.5331209,0.07558488,0.9883407,4.239182,2.079146,0.3509359,114269,0.8192196,1.220674,0.9409968,0.7202151,0.7124091,2
0.413023,0.4538153,0.2008783,0.04035209,-0.1226582,1.934539,0.124498,0.6586345,0.5341365,0.948609,0.2031782,0.1890645,0.9533722,7.421416,2.708296,0.1875487,16080,0.9071864,1.102309,0.9853545,0.7306821,0.7556391,1
0.1824279,0.172549,0.08537269,0.007288496,3.598976,24.23939,0.1098039,0.2470588,0.1372549,0.9727531,0.4928516,0.1454966,0.9734247,5.973035,2.75604,0.1766347,66987,0.9225539,1.083948,0.9867427,0.631029,0.7754022,2
0.07895527,0.0511811,0.09540015,0.009101188,3.756941,19.46465,0.03543307,0.1535433,0.1181102,0.9908451,0.573629,0.07760397,0.9858379,4.65282,2.659967,0.1996102,128369,0.9769034,1.023643,0.9933836,0.4496489,0.7784657,2
0.3370244,0.3333333,0.1899229,0.03607069,0.1367853,1.943209,0.08627451,0.6,0.5137255,0.9759811,0.2502567,0.1119402,0.9783953,7.487229,2.752213,0.1781442,94386,0.7298037,1.370231,0.9161643,0.7207545,0.6475972,3
0.04750023,0.01581028,0.07536397,0.005679728,4.466225,34.96471,0.01185771,0.1304348,0.1185771,0.9878745,0.5502142,0.1566543,0.9760484,4.171533,2.459211,0.2479766,48357,0.8825027,1.133141,0.9781342,0.6049784,0.71197,2
0.2479921,0.2226721,0.1203674,0.01448831,2.41423,10.81921,0.1417004,0.3643725,0.2226721,0.9315602,0.2774159,0.3605323,0.926834,6.414574,2.623704,0.198566,7227,0.9344357,1.070165,0.9816626,0.6577308,0.7821429,1
0.1440643,0.04705882,0.2021128,0.04084957,2.105583,7.207312,0.01176471,0.4235294,0.4117647,0.973942,0.4026512,0.08353138,0.9863465,6.109406,2.631879,0.1920173,166054,0.8526227,1.172852,0.9548327,0.7542402,0.7284348,2
0.2581211,0.2,0.1595225,0.02544744,1.457927,4.780815,0.1137255,0.5176471,0.4039216,0.9677278,0.3043041,0.1317539,0.9749386,6.906765,2.773117,0.174785,60882,0.9340125,1.07065,0.9847313,0.616737,0.762789,2
0.08282533,0.05220884,0.08195776,0.006717075,3.561751,19.55711,0.04016064,0.1767068,0.1365462,0.9911597,0.4905654,0.07301201,0.9899073,4.714715,2.757497,0.1745798,139918,0.620111,1.612615,0.87284,0.8662218,0.6419111,2
0.1680915,0.1535433,0.07822661,0.006119403,2.374597,11.41394,0.1102362,0.2480315,0.1377953,0.9773915,0.4935603,0.192764,0.9669083,5.80208,2.930018,0.1490508,20613,0.9460108,1.05707,0.9856548,0.670733,0.7528488,2
0.2975928,0.272,0.1203028,0.01447275,1.351284,5.882359,0.176,0.46,0.284,0.9512341,0.2696003,0.2379772,0.9533886,6.707162,2.719707,0.183152,9086,0.9171165,1.090374,0.984612,0.7173305,0.6973674,1
0.2344481,0.2094862,0.1225058,0.01500767,2.318499,10.11133,0.1264822,0.3636364,0.2371542,0.952244,0.322334,0.2205291,0.9678662,6.487628,2.903263,0.1568792,9972,0.6854017,1.458998,0.8677341,0.901984,0.5701544,2
0.2813976,0.2647059,0.1194327,0.01426418,1.075768,5.878485,0.1470588,0.4411765,0.2941177,0.9665937,0.2974077,0.21111,0.954923,6.707935,2.772694,0.1726386,33103,0.939662,1.064212,0.9855897,0.6812754,0.7615137,2
0.1746741,0.09411765,0.1990814,0.0396334,1.509749,4.896639,0.003921569,0.4784314,0.4745098,0.9736064,0.3703587,0.1056466,0.9801395,6.780007,2.679499,0.1825177,97175,0.7865839,1.27132,0.9348065,0.5956635,0.7763814,2
0.3769594,0.373494,0.1073889,0.01153238,0.6226017,4.974601,0.248996,0.5060241,0.2570281,0.9560165,0.3581926,0.2776324,0.9352832,6.690441,2.755568,0.178558,9387,0.8995631,1.111651,0.9735532,0.6993117,0.6579058,2
0.278748,0.2784314,0.1131065,0.01279309,0.680092,5.353293,0.1372549,0.4078431,0.2705882,0.9748766,0.3092032,0.1102598,0.9797688,6.815711,2.763858,0.1772367,83831,0.5870748,1.703361,0.9363036,0.8437531,0.6423339,2
0.3210651,0.292,0.1544195,0.02384537,1.188875,4.716204,0.152,0.528,0.376,0.9472072,0.277132,0.279414,0.9478463,7.04247,2.570499,0.2138902,4867,0.7750351,1.290264,0.9539396,0.8767613,0.5964461,1
0.2258223,0.2,0.1094769,0.01198519,1.52311,6.21139,0.116,0.372,0.256,0.9556441,0.3431956,0.2355029,0.9437289,6.491082,2.802568,0.1653691,15749,0.9571131,1.044809,0.990877,0.6762201,0.8341631,2
0.1709215,0.1535433,0.06618268,0.004380147,3.173422,20.87737,0.1181102,0.2283465,0.1102362,0.9844072,0.5436455,0.09626923,0.9827624,5.600338,2.848506,0.1569001,103416,0.7683567,1.301479,0.9520636,0.6878968,0.7701691,2
0.1346518,0.08627451,0.1548311,0.02397268,2.365737,8.562523,0.01176471,0.3568628,0.345098,0.9857696,0.4811395,0.07013864,0.9870166,5.998581,2.694509,0.1815384,148642,0.9406533,1.063091,0.9824777,0.5418621,0.7805926,2
0.1737826,0.1538462,0.09945258,0.009890814,1.412543,6.210738,0.06882591,0.2995951,0.2307692,0.9668578,0.4144203,0.1918263,0.9633713,6.393748,2.893335,0.1567714,16977,0.9345883,1.06999,0.9741221,0.5145671,0.7807671,2
0.2234264,0.2048193,0.0928758,0.008625914,1.744235,10.36654,0.124498,0.3453815,0.2208835,0.954542,0.3269784,0.2379784,0.9522504,6.321836,2.837561,0.1607064,15880,0.9170527,1.09045,0.9877465,0.7824504,0.7807276,2
0.1385473,0.08467742,0.1513167,0.02289674,2.266302,8.599532,0.02419355,0.3145161,0.2903226,0.9807558,0.4401968,0.1115632,0.9815471,6.416309,2.796108,0.1693185,55827,0.8196757,1.219995,0.9199473,0.5346811,0.7338319,2
0.1719872,0.1333333,0.13708,0.01879092,3.047043,15.00526,0.07058824,0.2980392,0.227451,0.9842004,0.4287184,0.06055246,0.9902925,6.381905,2.800681,0.1677436,137883,0.8882683,1.125786,0.968606,0.715541,0.7179163,2
0.2477616,0.227451,0.136871,0.01873366,1.329298,6.277098,0.1058824,0.4078431,0.3019608,0.9604288,0.2807746,0.12451,0.9793591,6.958975,2.612736,0.2057273,79873,0.7817488,1.279183,0.9641956,0.8394479,0.6515033,2
0.07539284,0.05928854,0.07289845,0.005314184,5.432583,50.87346,0.02371541,0.1422925,0.1185771,0.9883156,0.4817619,0.1903125,0.975887,5.44992,2.692405,0.18186,23579,0.7351603,1.360247,0.967979,0.9055814,0.545028,1
0.3595538,0.3682008,0.09252537,0.008560944,-0.3173095,3.289699,0.2343096,0.4686193,0.2343096,0.9757883,0.4381969,0.107232,0.9722133,6.475308,2.759718,0.1765178,110896,0.9173111,1.090143,0.9756475,0.6824614,0.7400467,2
0.1340047,0.05098039,0.1874263,0.03512863,2.189065,7.787778,0.01176471,0.3803922,0.3686275,0.9825169,0.4652759,0.06691458,0.9873283,5.668579,2.596208,0.2157671,102440,0.9084833,1.100736,0.9785827,0.6408486,0.7912563,2
0.1625941,0.1019608,0.1748474,0.03057162,1.680737,5.891267,0.007843138,0.4117647,0.4039216,0.976165,0.3759097,0.1072954,0.9825969,6.776485,2.717787,0.1789922,93758,0.8019627,1.246941,0.9257123,0.1170763,0.7099652,2
0.0427723,0.003921569,0.1439193,0.02071276,4.690405,25.71284,0.003921569,0.05098039,0.04705882,0.99086,0.4968274,0.06609903,0.9908442,2.338843,1.791623,0.4600205,110881,0.8883746,1.125651,0.9927656,0.7200122,0.6506948,2
0.187607,0.1411765,0.1611902,0.02598226,1.020657,3.96044,0.02352941,0.4078431,0.3843137,0.97822,0.3421578,0.09900761,0.9810407,6.836878,2.799331,0.1653446,56375,0.9728003,1.02796,0.9887055,0.4273448,0.7652369,2
0.3338342,0.3019608,0.1541137,0.02375102,0.8821525,3.582048,0.1607843,0.5529412,0.3921569,0.9554976,0.2442117,0.1434575,0.967502,7.186305,2.66703,0.1974687,152167,0.9234042,1.082949,0.9815706,0.708608,0.7582116,2
0.6473417,0.6587301,0.1174305,0.01378991,-0.5048154,2.85805,0.484127,0.7896826,0.3055556,0.9634503,0.3171194,0.1042695,0.9460278,6.874481,2.817876,0.1680487,128549,0.9107392,1.098009,0.9814624,0.6925324,0.7288102,2
0.4346879,0.4094488,0.1645607,0.02708023,0.350407,2.201602,0.2283465,0.6574803,0.4291339,0.9515082,0.2423256,0.1817531,0.9481547,7.283974,2.74362,0.1775362,18238,0.9408671,1.062849,0.9830746,0.3843781,0.7551967,2
0.4826184,0.4426877,0.1841797,0.03392216,0.6027429,2.534104,0.2766798,0.7549407,0.4782609,0.9300259,0.2458156,0.2200201,0.9237757,7.405039,2.655479,0.195938,14659,0.9321728,1.072762,0.9797487,0.6023836,0.8130789,2
0.4812628,0.5,0.1672697,0.02797915,-0.2051758,1.975599,0.2396694,0.6818182,0.4421488,0.9656545,0.2616367,0.1543311,0.9482263,7.23696,2.654819,0.1921391,56118,0.9363015,1.068032,0.9844054,0.4271694,0.7909514,2
0.2990476,0.2901961,0.1211417,0.01467531,0.9692934,5.427081,0.1529412,0.4470588,0.2941177,0.9631477,0.2909654,0.1332982,0.9739648,6.890956,2.670201,0.1932656,45296,0.7941732,1.259171,0.9349406,0.7933459,0.6816143,2
0.2000714,0.1491936,0.1614768,0.02607476,1.316846,4.597408,0.04032258,0.4354839,0.3951613,0.9719936,0.3395139,0.1131333,0.9794244,6.876799,2.835895,0.1634462,28201,0.9427276,1.060752,0.9700733,0.5466623,0.7509253,2
0.2212988,0.2086614,0.08508319,0.00723915,0.7786758,3.459105,0.1259843,0.3425197,0.2165354,0.9556329,0.3095481,0.4087571,0.9327427,6.326299,2.609772,0.1986541,4469,0.8419815,1.187675,0.9627316,0.8009663,0.6898734,1
0.1277091,0.1134454,0.09864967,0.009731757,1.799285,8.424657,0.0210084,0.2352941,0.2142857,0.9853675,0.4897307,0.1063349,0.9834526,6.207231,2.776811,0.1691116,76904,0.8274629,1.208513,0.9512289,0.8225703,0.7104952,2
0.2976096,0.2874016,0.0968823,0.009386179,0.7559339,4.237786,0.1811024,0.4291339,0.2480315,0.9655087,0.3337527,0.1356424,0.9664462,6.575793,2.736988,0.1787766,72818,0.9711207,1.029738,0.9944554,0.6057498,0.7879798,2
0.4444472,0.4254902,0.2177766,0.04742663,0.2500071,2.133176,0.1647059,0.7490196,0.5843138,0.965068,0.2136973,0.1234899,0.9715747,7.718768,2.833621,0.1667413,58212,0.7080209,1.412388,0.8829097,0.8623852,0.693,2
0.1192244,0.06666667,0.1346695,0.01813587,2.161735,9.020609,0.01176471,0.2862745,0.2745098,0.9837187,0.5067301,0.06763526,0.9868713,6.219569,2.734349,0.176668,98099,0.9653579,1.035885,0.9827983,0.3526197,0.7941824,2
0.08247523,0.04705882,0.08553815,0.007316776,1.982209,7.442551,0.01568628,0.2039216,0.1882353,0.9905001,0.4984578,0.08760475,0.9872223,5.568438,2.575576,0.2133081,108999,0.720813,1.387322,0.9257916,0.8732154,0.6779557,2
0.1675102,0.1434263,0.1036292,0.010739,1.828722,9.542016,0.05976096,0.2988048,0.2390438,0.9605848,0.4149928,0.3463438,0.9369884,6.43419,2.626771,0.2004473,9631,0.9223192,1.084223,0.983056,0.7307888,0.7680223,1
0.3021254,0.3024194,0.1434416,0.0205755,0.1898219,2.511984,0.1008065,0.4919355,0.391129,0.949349,0.2607601,0.2333319,0.9552349,7.101775,2.787563,0.1779287,11836,0.8783567,1.13849,0.9713582,0.6730203,0.6741855,1
0.3260953,0.296748,0.1574601,0.02479369,1.193536,4.729836,0.1544715,0.5365854,0.3821138,0.9467358,0.2764257,0.2735541,0.9485832,7.056174,2.572151,0.2133543,4867,0.7750351,1.290264,0.9539396,0.8767613,0.5964461,1
0.2705981,0.256917,0.1266432,0.01603849,0.8297105,4.339002,0.1185771,0.4268775,0.3083004,0.9586062,0.2823883,0.2198557,0.9522104,6.924658,2.870606,0.1593712,29192,0.8509442,1.175165,0.9891235,0.8563064,0.775764,2
0.3803309,0.3058824,0.2036487,0.0414728,0.8899934,2.863396,0.1803922,0.7019608,0.5215687,0.9518607,0.2092316,0.1462107,0.9699942,7.410403,2.62852,0.2007868,67954,0.8172114,1.223673,0.9726751,0.8163916,0.7055318,2
0.2400841,0.1882353,0.1657125,0.02746064,1.869968,7.01825,0.09411765,0.4509804,0.3568628,0.979149,0.3215058,0.09119972,0.9834582,6.833995,2.792653,0.1681627,34695,0.9600152,1.04165,0.986887,0.424797,0.7438894,2
0.2333225,0.1417323,0.240228,0.05770947,0.9245437,2.690483,0.003937008,0.6456693,0.6417323,0.9702363,0.2918551,0.1373336,0.9721704,7.015523,2.780232,0.1719268,35453,0.948795,1.053969,0.9862301,0.5870054,0.7932385,2
0.08365253,0.05952381,0.08892699,0.007908009,2.85965,14.44787,0.01190476,0.1746032,0.1626984,0.9925296,0.5201917,0.06513963,0.9902796,5.755987,2.632828,0.201719,165782,0.8869363,1.127477,0.9739908,0.537281,0.6940725,2
0.2159385,0.156,0.1637755,0.02682241,1.726597,6.007521,0.08,0.44,0.36,0.9567335,0.349313,0.226548,0.9575507,6.85376,2.819261,0.1691464,11507,0.9954957,1.004525,0.9889987,0.4255339,0.7735798,1
0.2555634,0.2511628,0.09065097,0.008217598,0.269061,2.427465,0.1395349,0.3813953,0.2418605,0.9747663,0.307285,0.1312557,0.9745236,6.285142,2.706028,0.183502,78714,0.8780053,1.138945,0.9680609,0.7849542,0.7301855,2
0.2593024,0.2134387,0.1434525,0.02057863,1.07716,3.303263,0.1185771,0.4980237,0.3794466,0.9629883,0.2840285,0.138685,0.9752117,6.856507,2.80523,0.1700221,68049,0.6810491,1.468323,0.8737224,0.8840703,0.72124,2
0.1410574,0.1019608,0.1362338,0.01855966,1.779255,6.326421,0.02352941,0.3411765,0.3176471,0.9837744,0.4233727,0.1173894,0.9814686,6.461453,2.806778,0.1618192,69955,0.8279327,1.207828,0.9766023,0.8485843,0.7045239,2
0.2289431,0.1984127,0.1262737,0.01594504,1.686795,6.98429,0.1031746,0.3888889,0.2857143,0.9601007,0.3154829,0.2127097,0.9607213,6.711117,2.777492,0.176536,22334,0.9391648,1.064776,0.982924,0.6562715,0.7516322,1
0.1539202,0.1376147,0.06776892,0.004592625,2.961933,17.14542,0.09633028,0.2160551,0.1197248,0.9734268,0.533015,0.2869489,0.9495227,5.413614,2.840113,0.1594359,10279,0.7778024,1.285674,0.9734823,0.8783279,0.5933387,2
0.3250637,0.3064516,0.1676184,0.02809592,0.3444055,2.693506,0.108871,0.5685484,0.4596774,0.9352363,0.23191,0.3246738,0.9339003,7.267182,2.574432,0.2128908,6028,0.910269,1.098576,0.9832001,0.7823333,0.6871865,1
0.4116416,0.4262295,0.1274381,0.01624048,-0.2062072,2.810269,0.2254098,0.5614754,0.3360656,0.9549108,0.2813026,0.1668182,0.9486747,6.95554,2.720531,0.1814421,50995,0.9506473,1.051915,0.9842125,0.4734058,0.7958021,2
0.2511567,0.2509804,0.1327155,0.0176134,1.941024,10.18493,0.1058824,0.3490196,0.2431373,0.9689203,0.2959477,0.1587911,0.96692,6.704731,2.892073,0.1552496,38923,0.930361,1.074852,0.9762233,0.4932195,0.764966,2
0.1729898,0.1544715,0.09498031,0.00902126,1.240203,5.634028,0.06910569,0.300813,0.2317073,0.9698797,0.3887056,0.2012872,0.9674268,6.366246,2.882017,0.1579631,17311,0.8881505,1.125935,0.9674193,0.547551,0.709991,2
0.2314106,0.2235294,0.07757894,0.006018491,1.729838,12.14971,0.145098,0.3137255,0.1686275,0.9773375,0.3104707,0.1288151,0.978495,6.161939,2.833097,0.1649587,87651,0.6403366,1.561679,0.9349041,0.6712708,0.6711255,2
0.303361,0.2352941,0.2389619,0.05710281,0.7499126,2.607125,0.03137255,0.6705883,0.6392157,0.9785019,0.2503341,0.07475858,0.9856157,7.579505,2.711827,0.1776425,123689,0.66644,1.50051,0.9131709,0.6068977,0.7491309,2
0.3561292,0.3672566,0.1780399,0.03169821,-0.1301677,2.057759,0.09734514,0.5884956,0.4911504,0.9444823,0.2152228,0.2639423,0.9375611,7.220408,2.671634,0.1945262,11391,0.8623145,1.15967,0.9487756,0.6230707,0.753373,1
0.1534597,0.1265823,0.1035084,0.01071399,1.602231,6.191017,0.05485232,0.2953587,0.2405063,0.9831097,0.4912198,0.1004611,0.9796059,6.27055,2.771615,0.1699133,132124,0.9728128,1.027947,0.9940264,0.4895888,0.8029901,2
0.5128596,0.5039682,0.0784938,0.006161277,0.9430749,5.087084,0.4285714,0.6071429,0.1785714,0.9382338,0.2713243,0.23089,0.9095196,6.224699,2.966465,0.1454858,11595,0.9929119,1.007139,0.9900948,0.4722159,0.7748597,2
0.3504619,0.3359684,0.1036522,0.01074378,1.008497,5.674338,0.2332016,0.4782609,0.2450593,0.9668365,0.4012558,0.1319824,0.9652336,6.65392,2.776694,0.1744149,33889,0.8678852,1.152226,0.9762625,0.7415631,0.7508364,3
0.3505895,0.3536585,0.1239278,0.01535809,-0.1014931,2.999794,0.1951219,0.504065,0.3089431,0.9581329,0.3118893,0.1716234,0.9609246,6.947716,2.784675,0.1747454,29814,0.7882836,1.268579,0.9706974,0.8535711,0.6998591,2
0.4992144,0.5019608,0.1457588,0.02124564,0.2971938,4.364658,0.3294118,0.6509804,0.3215686,0.949414,0.2521297,0.1807801,0.9412556,7.142108,2.694547,0.1872663,16541,0.9685917,1.032427,0.9894126,0.5554637,0.7317408,2
0.1151869,0.03137255,0.1796528,0.03227511,2.164592,7.023946,0.003921569,0.3921569,0.3882353,0.9756803,0.4132635,0.1561885,0.9768881,5.845338,2.915805,0.1516855,27540,0.8169208,1.224109,0.9488372,0.761136,0.6697797,2
0.3472887,0.372549,0.2057479,0.04233219,-0.07011165,2.122346,0.02745098,0.5960785,0.5686275,0.961714,0.2189973,0.128309,0.971865,7.419856,2.773211,0.1752058,144998,0.7162051,1.396248,0.9205404,0.8650919,0.7340184,2
0.1824678,0.1593626,0.09195053,0.0084549,2.590799,16.2235,0.09163347,0.2948207,0.2031873,0.9687354,0.4337772,0.2801133,0.9464823,6.166443,2.781074,0.1730358,10171,0.9828525,1.017447,0.9878594,0.4478312,0.7841339,2
0.401487,0.3412699,0.2002901,0.04011613,0.5425442,2.131001,0.1825397,0.7103174,0.5277778,0.9463003,0.1956903,0.1917597,0.9547314,7.417553,2.735302,0.1818486,39396,0.9644087,1.036905,0.984457,0.4229491,0.7546259,2
0.2926206,0.2682927,0.1654303,0.02736719,0.6129266,2.856765,0.08943089,0.5243902,0.4349594,0.9608479,0.2514665,0.1806218,0.9602138,7.175288,2.622029,0.1983721,36986,0.9392411,1.064689,0.9889834,0.6356509,0.7797032,2
0.5600677,0.5644444,0.1223285,0.01496426,-0.2308442,2.95377,0.396,0.7111111,0.3151111,0.9269513,0.2848844,0.3399246,0.8560381,6.742999,2.969286,0.1459445,4057,0.9413178,1.06234,0.9698781,0.4368851,0.730991,2
0.07313155,0.0627451,0.07055762,0.004978377,4.584925,34.81077,0.01176471,0.1176471,0.1058824,0.9923655,0.587728,0.05393272,0.9910366,5.110772,2.796315,0.1659813,159781,0.8891413,1.124681,0.9644302,0.6077809,0.7478983,2
0.2486483,0.236,0.1010918,0.01021955,0.8521081,4.101556,0.128,0.38,0.252,0.9648353,0.3031655,0.1490611,0.9661778,6.588915,2.769376,0.1752109,75773,0.868931,1.150839,0.9817317,0.8038775,0.8000274,2
0.3092339,0.282353,0.1884817,0.03552534,1.11789,4.413539,0.08627451,0.6039216,0.5176471,0.9774036,0.2572839,0.09084088,0.9815225,7.250131,2.872522,0.1585018,134542,0.8605011,1.162114,0.9548622,0.7701657,0.7163309,2
0.4532121,0.4693878,0.1950425,0.03804157,-0.2469178,2.453413,0.1714286,0.7020408,0.5306122,0.9497367,0.2165172,0.1620376,0.956636,7.544407,2.67124,0.1945644,33972,0.8518298,1.173944,0.9532521,0.7551457,0.726301,1
0.171656,0.145098,0.1000642,0.01001285,2.647513,12.36889,0.09411765,0.282353,0.1882353,0.9751402,0.51517,0.172725,0.9633576,6.067237,2.825326,0.1662128,26518,0.9569432,1.044994,0.9823301,0.5078191,0.8185073,2
0.3545817,0.3254902,0.1776572,0.03156209,0.8645533,3.765482,0.1529412,0.6039216,0.4509804,0.9609799,0.2530896,0.15198,0.9681123,7.398723,2.674109,0.191214,61571,0.9161615,1.091511,0.9804612,0.6479365,0.6914206,2
0.1013328,0.05490196,0.119379,0.01425135,2.528318,12.02149,0.01176471,0.2431373,0.2313726,0.9867507,0.5476592,0.09619895,0.9810185,5.748421,2.552661,0.217554,76050,0.9377405,1.066393,0.9878291,0.6593536,0.8008466,1
0.1581361,0.08627451,0.1764791,0.03114486,1.451599,4.530787,0.01176471,0.4196078,0.4078431,0.985954,0.3833899,0.0629091,0.9890487,6.3339,2.723843,0.1808234,161640,0.8685354,1.151363,0.9726978,0.6479273,0.7411755,2
0.4411754,0.4435484,0.1265387,0.01601204,0.03033995,2.972054,0.2782258,0.5967742,0.3185484,0.9552075,0.282526,0.1834669,0.9479473,6.999825,2.711823,0.185434,29371,0.7718835,1.295532,0.898553,0.7313548,0.7043236,3
0.2354583,0.2196078,0.123027,0.01513565,1.019666,5.026612,0.09019608,0.3921569,0.3019608,0.95239,0.2875121,0.2072004,0.959296,6.875908,2.732769,0.1821968,15641,0.9781614,1.022326,0.9894357,0.5546963,0.7603053,2
0.1139347,0.09019608,0.1045926,0.01093962,3.129904,15.9594,0.03137255,0.2039216,0.172549,0.9846995,0.5406965,0.111691,0.9803811,6.039974,2.786672,0.1696463,42781,0.9495079,1.053177,0.9868743,0.6548028,0.7653678,2
0.0350368,0.01219512,0.07780915,0.006054265,4.745044,31.02615,0.01219512,0.05691057,0.04471545,0.990584,0.6069915,0.06455994,0.9881294,2.148002,1.476763,0.5599548,120951,0.8919683,1.121116,0.9722984,0.6016666,0.7820647,1
0.2554792,0.2313726,0.1114821,0.01242825,1.322482,5.436352,0.1411765,0.4039216,0.2627451,0.9717939,0.307255,0.11224,0.9822686,6.657797,2.774637,0.1753251,50570,0.7328593,1.364518,0.9490297,0.9015301,0.585667,2
0.1366957,0.03921569,0.1937733,0.03754809,2.06703,7.593339,0.003921569,0.4039216,0.4,0.9820791,0.4090066,0.07200713,0.9885219,5.808945,2.479157,0.2358857,76828,0.8047086,1.242686,0.9279304,0.8203647,0.7149185,2
0.322514,0.312253,0.1114624,0.01242387,0.4442275,2.937532,0.1818182,0.4743083,0.2924901,0.964395,0.3189825,0.1522959,0.9630651,6.819981,2.730857,0.181573,73089,0.8994166,1.111832,0.9895346,0.7664806,0.7647853,2
0.239112,0.2283465,0.1124078,0.01263551,1.196037,5.738348,0.1181102,0.3740157,0.2559055,0.9663193,0.2942494,0.1854391,0.9661511,6.592341,2.893543,0.1579961,14947,0.8569305,1.166956,0.9780148,0.8244659,0.7177086,1
0.1836092,0.1574803,0.09862034,0.009725972,2.499399,15.49716,0.09448819,0.3110236,0.2165354,0.9626296,0.4004911,0.3864536,0.9316529,6.186541,2.91746,0.1521956,5024,0.9749896,1.025652,0.9874214,0.6815188,0.7554887,2
0.5602109,0.573913,0.1511585,0.02284889,-0.2857904,2.815332,0.3521739,0.7478261,0.3956522,0.9524544,0.2717986,0.1751387,0.9262342,7.131391,2.749191,0.1809862,25375,0.9872566,1.012908,0.9910174,0.4577956,0.7851419,2
0.3441987,0.3333333,0.106141,0.0112659,0.8052536,4.553188,0.2235294,0.4784314,0.254902,0.9685387,0.3582922,0.1436367,0.9692801,6.727017,2.595304,0.2064394,30380,0.8244985,1.212858,0.9780754,0.8270627,0.6270382,2
0.2496062,0.2345679,0.09797665,0.009599426,1.693905,9.505971,0.1481481,0.3662551,0.218107,0.9426395,0.2707506,0.2986227,0.949474,6.399788,2.74297,0.1810085,10498,0.822548,1.215734,0.9648897,0.8092671,0.6665397,1
0.2350201,0.172549,0.2242143,0.05027205,0.8786207,2.937014,0.01176471,0.5450981,0.5333334,0.9733453,0.2803653,0.117564,0.9800472,6.889593,2.678401,0.1841637,37921,0.8877765,1.12641,0.9640769,0.6618019,0.6853853,2
0.1506403,0.1215686,0.1135162,0.01288593,1.821468,7.532609,0.04313726,0.2941177,0.2509804,0.985068,0.452911,0.06759987,0.9883783,6.51728,2.846061,0.161358,126554,0.8883682,1.125659,0.9677972,0.618477,0.7463847,1
0.3127339,0.3183673,0.1141697,0.01303471,0.6232188,5.094485,0.1591837,0.4448979,0.2857143,0.9608969,0.3144595,0.2123037,0.9557561,6.745626,2.574329,0.2095545,20105,0.814757,1.22736,0.977727,0.8115691,0.6988182,1
0.07672119,0.03937008,0.121563,0.01477756,3.644132,18.98586,0.003937008,0.1692913,0.1653543,0.9889969,0.533088,0.09167098,0.9852645,5.491066,2.754623,0.1746823,97947,0.8790557,1.137584,0.9735798,0.7396294,0.7324674,2
0.2333015,0.05882353,0.2780623,0.07731868,0.9775637,2.561701,0.003921569,0.6980392,0.6941177,0.9779738,0.2996624,0.08677847,0.9851863,6.612759,2.615551,0.2001768,93579,0.8928685,1.119986,0.9622519,0.6700936,0.7202485,2
0.07073316,0.04705882,0.07101559,0.005043214,3.516088,21.74905,0.02352941,0.1372549,0.1137255,0.9912927,0.530415,0.1113255,0.9836133,5.239242,2.562735,0.21088,58934,0.9057961,1.104001,0.9765045,0.6201862,0.6897222,2
0.2575636,0.2460317,0.07824985,0.006123039,1.851853,9.139472,0.1785714,0.3452381,0.1666667,0.9542641,0.2759352,0.1400633,0.9741888,6.086221,2.745603,0.1778667,66653,0.8872309,1.127102,0.9712217,0.7067206,0.697353,2
0.3046238,0.2839506,0.1355949,0.01838598,1.019472,4.771262,0.1522634,0.4855967,0.3333333,0.9416164,0.2555978,0.2160873,0.9511209,6.957011,2.588419,0.2060065,18183,0.880979,1.135101,0.9587156,0.7788498,0.7668593,2
0.06994797,0.003921569,0.1364779,0.01862623,3.116332,14.5623,0.003921569,0.2235294,0.2196078,0.9861807,0.465786,0.06725334,0.9904488,4.013113,2.161901,0.3309535,84407,0.788918,1.267559,0.9379702,0.7813458,0.655843,2
0.6183136,0.628,0.144848,0.02098093,-0.3612761,3.221008,0.428,0.8,0.372,0.9424596,0.2767043,0.2135021,0.8966774,7.171825,2.524229,0.2197722,10809,0.8676192,1.152579,0.9724696,0.8282499,0.7763413,2
0.20448,0.148,0.1651669,0.02728009,1.180043,3.963478,0.044,0.44,0.396,0.9707049,0.3278243,0.1309621,0.9765686,6.922018,2.812403,0.166848,22733,0.9089798,1.100134,0.9579049,0.5328774,0.7402475,2
0.3282692,0.2117647,0.3188833,0.1016866,0.3944257,1.597644,0.003921569,0.7803922,0.7764706,0.9654282,0.2406523,0.1586199,0.9708728,6.884852,2.72932,0.1765598,37798,0.9103327,1.098499,0.9774755,0.7113299,0.7285097,2
0.1755351,0.159292,0.08594982,0.00738737,1.837622,8.08035,0.08849557,0.2787611,0.1902655,0.9743142,0.4196281,0.1983237,0.9708764,5.995917,2.922493,0.1502539,15590,0.7024367,1.423616,0.9172747,0.8146434,0.6647621,2
0.23904,0.1764706,0.1970235,0.03881825,1.437624,5.3313,0.04313726,0.4980392,0.454902,0.9656905,0.3051009,0.1505237,0.9698206,7.20648,2.719271,0.1813076,78081,0.8987399,1.112669,0.9602169,0.7113565,0.7887607,2
0.2123963,0.1784232,0.1381909,0.01909673,1.043071,4.053679,0.06224066,0.406639,0.3443983,0.9684128,0.3174855,0.1585999,0.9727286,6.811518,2.832019,0.1652506,20746,0.8271847,1.20892,0.9327818,0.5818042,0.7124313,2
0.4112938,0.3882353,0.2728565,0.07445066,0.1804467,1.703028,0.0627451,0.7960784,0.7333333,0.9690346,0.1991476,0.114985,0.975867,7.81144,2.784128,0.174365,141554,0.838543,1.192545,0.9773871,0.8318085,0.7342241,2
0.3607035,0.3529412,0.2154852,0.04643389,0.2296728,2.33197,0.05882353,0.6627451,0.6039216,0.9785033,0.2422871,0.07448128,0.9849318,7.643041,2.719634,0.1788297,214780,0.6162071,1.622831,0.908814,0.7450559,0.6650771,3
0.2107964,0.2056452,0.1102419,0.01215327,0.7921327,5.595349,0.06854839,0.3467742,0.2782258,0.9742309,0.4061813,0.1387633,0.979108,6.687472,2.618879,0.204356,22295,0.579211,1.726487,0.9533889,0.9557223,0.4257696,1
0.5118501,0.5140562,0.1148519,0.01319096,0.3522391,4.062526,0.3694779,0.6465864,0.2771084,0.9449732,0.2695338,0.2014411,0.9251925,6.815802,2.802353,0.1714031,12408,0.9847664,1.015469,0.9890005,0.4227815,0.7523648,2
0.6047806,0.6235294,0.1123938,0.01263237,-0.5046366,3.089576,0.4431373,0.7294118,0.2862745,0.9583092,0.3808192,0.1811204,0.9034489,6.798544,2.841371,0.1657619,13992,0.9680265,1.03303,0.9841739,0.2931725,0.7911789,2
0.05781953,0.01960784,0.1178289,0.01388365,4.327093,23.61267,0.01176471,0.1215686,0.1098039,0.9884334,0.5398019,0.07336772,0.9883351,4.057728,2.127825,0.3484498,98434,0.9021829,1.108423,0.9635561,0.4360705,0.7290003,2
0.1261694,0.1098039,0.05793909,0.003356938,2.598257,17.90127,0.07450981,0.1960784,0.1215686,0.9877296,0.5158262,0.1218673,0.9816545,5.485084,2.782502,0.1710407,59764,0.8039045,1.243929,0.9259133,0.6596165,0.6987,2
0.4756123,0.4645669,0.1421801,0.02021519,0.2921611,2.341721,0.2952756,0.6692913,0.3740157,0.9554622,0.2812571,0.1371569,0.9516404,7.154048,2.808687,0.1729363,86509,0.9596121,1.042088,0.9928841,0.4890114,0.7760743,2
0.166447,0.141129,0.1158816,0.01342855,1.531412,7.603364,0.0483871,0.3185484,0.2701613,0.9785484,0.3921224,0.1306809,0.9773141,6.417321,2.804021,0.1656812,38601,0.8982248,1.113307,0.9701912,0.2912867,0.7397379,2
0.2437261,0.2336066,0.1897652,0.03601082,0.7173714,3.353594,0.01639344,0.5040984,0.4877049,0.958204,0.2646014,0.193965,0.9669768,6.842063,2.755613,0.1781125,22056,0.8037758,1.244128,0.9533195,0.8452198,0.6609728,1
0.1433996,0.1234043,0.0964658,0.009305649,3.250085,16.543,0.07234043,0.2255319,0.1531915,0.9896281,0.560803,0.05706492,0.9888558,5.73169,2.83798,0.1579466,162286,0.9586345,1.04315,0.9937419,0.6519879,0.7977682,2
0.4429584,0.432,0.2075984,0.0430971,0.4395395,2.594487,0.176,0.72,0.544,0.9484915,0.1963544,0.1649716,0.9566116,7.588914,2.759394,0.1788098,31997,0.923281,1.083094,0.9818344,0.7445485,0.7682353,2
0.1116963,0.05882353,0.1175689,0.01382244,1.788669,6.794133,0.01960784,0.2862745,0.2666667,0.9868639,0.4641639,0.0764323,0.9871315,6.085827,2.790765,0.1651288,86984,0.9317773,1.073218,0.9877474,0.5561775,0.7394084,2
0.2174129,0.1686275,0.1788687,0.03199402,1.510925,5.580535,0.04313726,0.4627451,0.4196078,0.9798981,0.3356981,0.06907065,0.9875601,7.131392,2.729596,0.1762803,100553,0.8166882,1.224457,0.9732474,0.8548396,0.7471116,2
0.2944264,0.2627451,0.1310268,0.01716802,1.377035,5.74135,0.1607843,0.4745098,0.3137255,0.9591031,0.267193,0.1586195,0.9715065,6.865881,2.686259,0.1909808,75680,0.6256251,1.598401,0.8917167,0.5484643,0.6542864,2
0.2409167,0.2078431,0.1336437,0.01786064,2.063615,10.83468,0.1098039,0.4039216,0.2941177,0.960948,0.3197906,0.2799558,0.9392381,6.724507,2.587018,0.1952565,12857,0.9745553,1.026109,0.9879361,0.4719344,0.8055764,1
0.2494087,0.2313726,0.1262633,0.01594243,0.878621,3.998191,0.1019608,0.4156863,0.3137255,0.9435162,0.2652071,0.1717421,0.9644975,6.943964,2.514112,0.2222737,52965,0.88685,1.127586,0.9685471,0.6665096,0.7705681,2
0.03186027,0.01181102,0.05653817,0.003196565,3.830686,21.40237,0.003937008,0.08267716,0.07874016,0.9880703,0.5088202,0.1802681,0.975596,3.937053,2.347099,0.2697137,27868,0.6597223,1.515789,0.8583749,0.8631013,0.6346474,2
0.07247142,0.02371541,0.107532,0.01156314,2.796413,13.28159,0.003952569,0.1857708,0.1818182,0.9909782,0.5686611,0.07236853,0.9870542,5.015228,2.284059,0.3013588,125982,0.8185676,1.221646,0.941042,0.3667354,0.7719911,2
0.3060463,0.2941177,0.07320932,0.005359605,2.063787,13.57408,0.2313726,0.4,0.1686275,0.9610619,0.38594,0.2314608,0.9521518,5.999253,2.864719,0.1630148,9402,0.796422,1.255616,0.9405763,0.8349326,0.6074428,2
0.2084679,0.1851852,0.1060865,0.01125435,1.028564,4.194558,0.09053498,0.3539095,0.2633745,0.9749597,0.3568437,0.1307737,0.973092,6.525306,2.785281,0.1726719,90158,0.8771451,1.140062,0.97505,0.7814662,0.7896959,2
0.2033946,0.1778656,0.149359,0.0223081,1.215287,5.044423,0.02766798,0.3833992,0.3557312,0.9784248,0.3224306,0.08307964,0.9873081,6.926888,2.836288,0.1604253,178523,0.6331236,1.57947,0.8584033,0.673254,0.619117,2
0.1114381,0.06477733,0.1201296,0.01443112,2.852672,14.83233,0.0242915,0.2510121,0.2267206,0.9777263,0.4523395,0.2084039,0.969046,6.051752,2.702288,0.1784417,20792,0.7809055,1.280565,0.9376324,0.8002437,0.6826898,2
0.3174163,0.3003953,0.106791,0.01140431,0.6314466,3.180485,0.1936759,0.4703557,0.2766798,0.9595021,0.3169259,0.1450952,0.9634174,6.724709,2.783453,0.1741972,82933,0.9296582,1.075664,0.9815485,0.4864399,0.7820106,2
0.3785401,0.3529412,0.1447747,0.02095971,0.8080125,3.749535,0.2156863,0.572549,0.3568628,0.9573485,0.2975124,0.1545085,0.9616705,7.148529,2.672329,0.1910869,30812,0.9374329,1.066743,0.9852273,0.6520495,0.722574,2
0.1093355,0.02766798,0.2024169,0.04097258,2.705664,9.376371,0.01581028,0.3873518,0.3715415,0.9750392,0.5033741,0.1394972,0.975034,5.025373,2.53126,0.2251622,21842,0.9754062,1.025214,0.9873429,0.3702768,0.7838789,1
0.4235825,0.4330709,0.1258094,0.01582802,-0.1732913,3.331632,0.2598425,0.5748032,0.3149606,0.9501262,0.2992345,0.1859919,0.9381717,7.009383,2.698689,0.189424,55046,0.9709669,1.029901,0.9908379,0.1748966,0.8081096,2
0.3867044,0.355102,0.1717025,0.02948177,0.5653878,2.977612,0.1959184,0.6326531,0.4367347,0.9698188,0.2722532,0.1073062,0.9711118,7.32526,2.803048,0.1689822,158650,0.9254346,1.080573,0.9814717,0.4715259,0.7743368,2
0.3043,0.244898,0.2093863,0.04384262,0.4428475,1.869873,0.06122449,0.6244898,0.5632653,0.9732816,0.2525019,0.1253433,0.9732544,7.347146,2.864285,0.1599886,86939,0.9341496,1.070492,0.9823727,0.6154238,0.782135,2
0.2208463,0.1607843,0.1763657,0.03110486,0.9925917,3.404482,0.03529412,0.4862745,0.4509804,0.9716704,0.3086689,0.1185155,0.9778763,7.107402,2.758354,0.1764536,75203,0.8774304,1.139692,0.9600424,0.7411886,0.7507537,2
0.4863148,0.4448819,0.1570237,0.02465643,0.9077976,3.512974,0.3149606,0.7007874,0.3858268,0.9450257,0.2866438,0.2565538,0.911663,7.124656,2.732956,0.1786545,5615,0.9741859,1.026498,0.9849149,0.5634342,0.7864146,1
0.2873448,0.2348178,0.1905095,0.03629387,0.8502783,2.936002,0.09716599,0.5668016,0.4696356,0.9677412,0.2558438,0.1275178,0.9751552,6.971707,2.802691,0.1687457,19926,0.9621687,1.039319,0.9819149,0.5256548,0.7457336,1
0.1152447,0.0627451,0.1206814,0.014564,1.519186,5.272281,0.01568628,0.2901961,0.2745098,0.9859709,0.4383261,0.08737222,0.9857842,6.115382,2.726368,0.1762101,77759,0.9101654,1.098701,0.9732406,0.2462026,0.7207115,2
0.3645416,0.3294118,0.147548,0.02177041,1.603228,6.168341,0.2235294,0.5607843,0.3372549,0.9452556,0.3161854,0.1811528,0.9550855,6.942017,2.722217,0.1828474,17209,0.8128232,1.23028,0.9748484,0.8268459,0.7308052,1
0.2683328,0.2627451,0.142793,0.02038985,0.4024228,2.824946,0.08235294,0.4627451,0.3803922,0.9431894,0.2583325,0.3467042,0.9282755,7.083167,2.599228,0.2036534,7859,0.8868691,1.127562,0.9791926,0.7722473,0.7580054,1
0.2255127,0.2,0.1510723,0.02282285,1.04533,4.234111,0.05098039,0.4352941,0.3843137,0.9302893,0.2678555,0.3374605,0.9428237,7.077613,2.858086,0.1668641,10209,0.8972397,1.114529,0.9870444,0.7862604,0.6958151,2
0.2639675,0.2901961,0.1015248,0.01030728,-0.3666454,2.838265,0.1019608,0.372549,0.2705882,0.9777822,0.335829,0.1498134,0.96795,6.544587,2.919082,0.1527618,47173,0.8310378,1.203315,0.9525858,0.3002259,0.7403867,2
0.2663299,0.2431373,0.1419842,0.02015952,0.6485613,2.608383,0.1058824,0.4745098,0.3686275,0.9721984,0.2925992,0.1351556,0.9685223,6.921015,2.783257,0.1703715,66536,0.9466837,1.056319,0.9915355,0.7200514,0.8072602,2
0.3992589,0.391129,0.1417622,0.02009653,0.2202506,2.388199,0.2137097,0.5927419,0.3790323,0.9576789,0.2708796,0.1792956,0.9466699,7.131752,2.743387,0.1769713,66233,0.9889393,1.011184,0.9942954,0.2954382,0.7957827,2
0.354091,0.3177966,0.151846,0.02305721,0.6670333,2.944271,0.1779661,0.5593221,0.3813559,0.9523952,0.3123746,0.3140785,0.9388939,7.005376,2.764635,0.1789741,4902,0.6430878,1.554998,0.8541558,0.8297188,0.5030788,1
0.5164135,0.5433071,0.223592,0.04999337,-0.08050942,2.095921,0.1929134,0.7992126,0.6062992,0.9516218,0.1990288,0.1366632,0.9624969,7.738583,2.469637,0.2271568,16857,0.8946277,1.117783,0.9813133,0.61946,0.7176245,1
0.37343,0.3607843,0.1364947,0.0186308,0.7434517,4.000598,0.2117647,0.5490196,0.3372549,0.9676174,0.3158887,0.1677084,0.9571833,7.093449,2.611211,0.1983945,51762,0.9536433,1.04861,0.9864877,0.5359641,0.7488715,2
0.1574889,0.1434263,0.07775569,0.006045947,2.311651,15.08098,0.07569721,0.250996,0.1752988,0.9849839,0.4842966,0.1289661,0.9788619,5.713974,2.873037,0.1541993,55314,0.9021001,1.108524,0.9825739,0.7526767,0.732209,2
0.2812551,0.2117647,0.1849311,0.03419949,1.397425,4.593739,0.1137255,0.5607843,0.4470588,0.9742346,0.2827606,0.08427043,0.9858024,7.167564,2.716158,0.1868647,153422,0.820899,1.218177,0.9571586,0.7944743,0.6832694,2
0.162506,0.1529412,0.07635185,0.005829605,3.653537,27.47232,0.09411765,0.227451,0.1333333,0.9822149,0.5780582,0.1308252,0.9738978,5.801795,2.888029,0.1526749,41047,0.9329318,1.07189,0.9909229,0.3523107,0.804922,2
0.1827202,0.1764706,0.1145585,0.01312364,0.4583574,3.074314,0.03921569,0.3333333,0.2941177,0.9869736,0.3537306,0.07121603,0.9867058,6.58244,2.786006,0.1656224,211314,0.9122201,1.096227,0.9778393,0.7261299,0.7502769,2
0.1991965,0.1908714,0.06269187,0.00393027,0.8521987,6.8043,0.1244813,0.2780083,0.153527,0.9718288,0.4002745,0.1446843,0.9707437,5.891548,2.905455,0.1536029,83354,0.9418831,1.061703,0.9849343,0.568354,0.7928057,2
0.2387014,0.1771654,0.1557259,0.02425055,1.248271,3.996491,0.09448819,0.480315,0.3858268,0.968855,0.3185267,0.1388069,0.9731055,6.887886,2.705766,0.1851863,65835,0.8632787,1.158375,0.9471844,0.7373824,0.769955,2
0.3920294,0.3784861,0.1226048,0.01503195,0.8785397,5.369431,0.2629482,0.5418327,0.2788845,0.9743382,0.3980061,0.08744708,0.9753168,6.8265,2.827934,0.1666762,133428,0.7739884,1.292009,0.9277753,0.5552734,0.7550676,2
0.2826501,0.2071713,0.1713154,0.02934897,1.078029,3.401151,0.123506,0.5458167,0.4223108,0.9603335,0.2626418,0.2617258,0.9499948,6.803245,2.860796,0.1608611,10597,0.9042091,1.105939,0.980296,0.7274368,0.7457424,1
0.8808911,0.8818898,0.05927512,0.00351354,-1.501467,19.27167,0.8110236,0.9527559,0.1417323,0.9749682,0.5442132,0.06011742,0.8640559,5.81282,2.851106,0.1615855,5472,0.9063691,1.103303,0.9795918,0.7714233,0.7520615,2
0.4689766,0.486166,0.1591442,0.02532686,-0.1572199,2.403319,0.2332016,0.6719368,0.4387352,0.9654977,0.2510875,0.1576462,0.9550852,7.303229,2.898422,0.1555882,36149,0.8808362,1.135285,0.9826302,0.7181658,0.7151986,2
0.4824943,0.480315,0.1349108,0.01820093,0.2750177,2.914785,0.3031496,0.6574803,0.3543307,0.9657258,0.2845399,0.1042479,0.9646271,7.101985,2.798299,0.169872,84671,0.9182754,1.088998,0.9902462,0.702503,0.7541058,2
0.3815735,0.3803922,0.1325634,0.01757304,0.3368027,3.441169,0.2117647,0.5490196,0.3372549,0.9671528,0.3171429,0.1762666,0.9540647,7.097441,2.567949,0.2067378,50674,0.9254141,1.080597,0.9881825,0.5824429,0.7487293,2
0.2065129,0.1785714,0.1232911,0.01520071,2.315955,11.01048,0.09126984,0.3412699,0.25,0.9569738,0.3412651,0.3659491,0.9391311,6.53131,2.717419,0.1793671,9694,0.8627452,1.159091,0.9747612,0.7828867,0.7167997,1
0.1362509,0.07058824,0.1629495,0.02655255,1.691819,5.499529,0.007843138,0.372549,0.3647059,0.981108,0.3918046,0.1123939,0.9814103,6.313143,2.753533,0.1739567,41813,0.8092763,1.235672,0.9377846,0.5095422,0.7202929,2
0.3158905,0.2862745,0.1577855,0.02489628,0.4251699,2.497196,0.1254902,0.5411765,0.4156863,0.9776648,0.2588188,0.08994091,0.9822955,7.27809,2.786149,0.1675595,180741,0.8606023,1.161977,0.9695989,0.4273072,0.6896011,2
0.4720692,0.4627451,0.1463833,0.02142806,0.2568451,2.689554,0.2901961,0.6666667,0.3764706,0.9709695,0.2805233,0.09076541,0.9719182,7.228606,2.762666,0.1763257,84591,0.8972574,1.114507,0.9869789,0.7614991,0.7346221,2
0.125502,0.06477733,0.1280782,0.01640403,2.481368,11.06501,0.04453441,0.291498,0.2469636,0.974594,0.471966,0.1735256,0.9685493,5.749402,2.778633,0.166238,24769,0.8494986,1.177165,0.9467911,0.7650095,0.7712355,2
0.102302,0.05882353,0.1310808,0.01718219,2.56308,10.09308,0.01176471,0.2666667,0.254902,0.9889533,0.4521919,0.08249408,0.9881812,5.977177,2.650783,0.1864046,79462,0.7444276,1.343314,0.9468103,0.7190421,0.6548328,2
0.3656776,0.3333333,0.1336171,0.01785354,1.6051,5.885139,0.2392157,0.5294118,0.2901961,0.9584454,0.357211,0.1573744,0.9609339,6.770211,2.765559,0.1786807,13209,0.9244359,1.081741,0.9828857,0.7332876,0.7159349,1
0.2999845,0.2629482,0.1805456,0.03259672,0.6898183,2.698485,0.09561753,0.5697211,0.4741036,0.9642465,0.2447609,0.1697411,0.9678348,7.28805,2.64838,0.1963408,33805,0.9355387,1.068903,0.9817902,0.5799901,0.712134,2
0.295285,0.3020408,0.1183063,0.01399638,0.3624744,4.437856,0.1428571,0.4285714,0.2857143,0.9718754,0.3224067,0.1763444,0.962634,6.774756,2.7469,0.1787899,26263,0.8799822,1.136387,0.9805481,0.7927897,0.7314988,2
0.1815601,0.1612903,0.1046644,0.01095464,2.585438,13.83189,0.08467742,0.2903226,0.2056452,0.9692671,0.3933562,0.2195258,0.9703445,6.264558,2.78824,0.1760017,12525,0.7277414,1.374114,0.9818139,0.9207076,0.5120186,1
0.311605,0.2903226,0.1290617,0.01665691,1.365483,6.627662,0.1774193,0.4717742,0.2943548,0.9513398,0.2863379,0.2335077,0.9506893,6.854155,2.676475,0.1922897,27945,0.9269172,1.078845,0.9677587,0.571288,0.709228,2
0.1485981,0.1265306,0.09241588,0.008540694,4.267627,31.59289,0.07346939,0.2367347,0.1632653,0.9754109,0.4856519,0.2754026,0.9555866,5.806012,2.798403,0.1674184,13817,0.9698182,1.031121,0.9817394,0.2556809,0.7308262,2
0.11468,0.04330709,0.1880263,0.03535388,2.613729,9.434788,0.003937008,0.3228346,0.3188976,0.9870518,0.4925328,0.05401672,0.9906942,5.849474,2.613548,0.2023356,151680,0.8555548,1.168832,0.953147,0.7923647,0.763285,2
0.2802921,0.2666667,0.1187456,0.01410051,0.9139793,4.942201,0.145098,0.4352941,0.2901961,0.964254,0.2979746,0.1189902,0.9795768,6.87984,2.652268,0.1992256,75333,0.5106472,1.958299,0.7826236,0.8128201,0.5910417,2
0.2060473,0.1294118,0.1797024,0.03229297,1.620707,5.583138,0.05490196,0.454902,0.4,0.9783148,0.334838,0.08060113,0.9865177,6.931085,2.752993,0.1730728,106301,0.8648077,1.156326,0.9654336,0.5741788,0.7112623,1
0.4025951,0.394309,0.1428893,0.02041734,0.2172199,2.381706,0.2154472,0.597561,0.3821138,0.9570679,0.2682958,0.180276,0.9462221,7.131766,2.742045,0.17722,66233,0.9889393,1.011184,0.9942954,0.2954382,0.7957827,2
0.4645306,0.4647887,0.09630627,0.009274898,0.2127898,3.49872,0.342723,0.5821596,0.2394366,0.9483737,0.3046665,0.1674211,0.9423149,6.387932,2.713271,0.1825427,60228,0.9755903,1.02502,0.9920933,0.5395346,0.7693428,2
0.2243034,0.1259843,0.2358223,0.05561217,0.9754102,2.807721,0.003937008,0.6259843,0.6220472,0.968783,0.3133196,0.1418119,0.9686886,6.968047,2.781258,0.1712815,34702,0.9434252,1.059967,0.9903256,0.5879719,0.8264349,2
0.1582055,0.1383399,0.07278751,0.005298021,4.094178,32.25768,0.1027668,0.2213439,0.1185771,0.9715502,0.5512599,0.315933,0.9412874,5.557053,2.895985,0.151332,10689,0.7408556,1.349791,0.9583109,0.830919,0.5909443,2
0.1890965,0.1764706,0.1034131,0.01069428,1.598122,7.915055,0.07450981,0.3137255,0.2392157,0.9714701,0.3978244,0.1641398,0.970163,6.508799,2.760926,0.1722528,48771,0.8251489,1.211902,0.9601157,0.7528645,0.7603361,3
0.4348264,0.4,0.1924232,0.03702668,1.000516,3.818705,0.2313726,0.7058824,0.4745098,0.9457737,0.2567421,0.1586641,0.9604095,7.429535,2.73388,0.1888416,18330,0.9249368,1.081155,0.989634,0.7698219,0.7115683,1
0.4422407,0.4352941,0.1196812,0.01432359,0.005714448,2.476876,0.2941177,0.6,0.3058824,0.9746287,0.3300126,0.1099217,0.9605532,6.934166,2.743903,0.1805906,100702,0.905147,1.104793,0.9846584,0.6957073,0.8001367,1
0.5029973,0.5,0.08659024,0.00749787,0.06394052,3.413372,0.3924051,0.613924,0.221519,0.9454992,0.2760192,0.2045183,0.9247683,5.798366,2.656359,0.1906316,13077,0.9071136,1.102398,0.9819779,0.6476327,0.7448735,2
0.2159999,0.1771654,0.1712125,0.02931372,1.170114,4.260094,0.02755906,0.4566929,0.4291339,0.977708,0.3511764,0.08123211,0.9879671,7.098918,2.792962,0.1709374,44725,0.6382185,1.566861,0.9236122,0.9222369,0.5141455,3
0.08885583,0.07058824,0.09441104,0.008913444,3.360172,20.15307,0.007843138,0.1647059,0.1568628,0.9891111,0.5830994,0.07317629,0.9872446,5.799774,2.806354,0.1637044,90794,0.950156,1.052459,0.9838009,0.559229,0.7651094,2
0.1337037,0.1176471,0.0698275,0.00487588,2.152212,15.43233,0.0627451,0.227451,0.1647059,0.9830037,0.4691447,0.1604505,0.9773248,5.910541,2.770461,0.1722526,36574,0.7607968,1.314411,0.9197998,0.4637756,0.6539713,2
0.185031,0.1490196,0.1347351,0.01815356,1.089392,4.512487,0.04705882,0.372549,0.3254902,0.9724971,0.3348583,0.1557844,0.9765959,6.829611,2.568452,0.2095667,19596,0.8463197,1.181587,0.9813702,0.8501599,0.6259903,1
0.1111089,0.1062992,0.03499471,0.00122463,9.467742,180.8283,0.08661418,0.1377953,0.0511811,0.9887326,0.6046091,0.1787867,0.9698501,4.380275,2.882512,0.1525378,34572,0.9047098,1.105327,0.9686475,0.4572084,0.7553419,2
0.4036483,0.412,0.1457746,0.02125023,-0.1015469,2.786686,0.208,0.588,0.38,0.9541565,0.2682723,0.1686645,0.9490939,7.213499,2.666449,0.194731,58496,0.9843641,1.015884,0.9919452,0.4010143,0.7997813,2
0.2092513,0.1803922,0.1366749,0.01868003,1.247058,4.876015,0.06666667,0.3882353,0.3215686,0.9767024,0.3423415,0.09459689,0.980953,6.768162,2.798865,0.1680845,55721,0.9487669,1.054,0.986387,0.4361192,0.7823236,2
0.303844,0.2901961,0.1709196,0.0292135,0.6930181,3.38375,0.09411765,0.5333334,0.4392157,0.9661228,0.2569627,0.115251,0.9741979,7.348295,2.729438,0.1841283,101832,0.8473244,1.180185,0.9650401,0.8347571,0.7749064,2
0.2534292,0.2190083,0.1531967,0.02346923,0.6774539,2.648059,0.0785124,0.4834711,0.4049587,0.9626976,0.2748975,0.1554236,0.969935,7.069768,2.757216,0.1802678,62939,0.8263133,1.210195,0.9766161,0.8362675,0.748641,2
0.2585983,0.281746,0.1170628,0.0137037,-0.09219996,4.078215,0.06746032,0.3809524,0.3134921,0.9787833,0.3361857,0.1099405,0.9755329,6.674468,2.836372,0.1633822,90794,0.8528725,1.172508,0.9655341,0.8001376,0.7610498,2
0.1766481,0.06324111,0.2086123,0.04351911,1.420483,3.825695,0.02371541,0.5256917,0.5019763,0.962776,0.3539586,0.1843849,0.9686404,6.410962,2.806279,0.1664097,24588,0.8603094,1.162373,0.9629514,0.3382551,0.7342112,2
0.5632352,0.5691699,0.14485,0.02098153,-0.1849399,2.759247,0.3675889,0.7509881,0.3833992,0.9563621,0.271039,0.1594226,0.9432871,7.216061,2.801489,0.1726045,35733,0.8354668,1.196936,0.9587347,0.8109425,0.6572674,2
0.1395558,0.1290323,0.07975535,0.006360916,5.783903,52.88889,0.08064516,0.2016129,0.1209677,0.9689595,0.5368626,0.4385638,0.9297664,5.570103,2.98172,0.1423676,4634,0.9805888,1.019796,0.9847004,0.521061,0.7381332,2
0.4463645,0.4392157,0.1412079,0.01993968,0.507791,3.657526,0.2784314,0.6196079,0.3411765,0.9518638,0.2784726,0.1659773,0.9547541,7.150276,2.666978,0.1943832,16080,0.747848,1.33717,0.9554935,0.7777787,0.6864754,2
0.3202591,0.3162393,0.1366193,0.01866484,0.2485179,2.683845,0.1367521,0.5,0.3632479,0.9643987,0.2827866,0.1992716,0.955094,6.95003,2.638863,0.1983774,20107,0.926088,1.079811,0.9790622,0.6461229,0.7478335,1
0.2768627,0.2627451,0.1389617,0.01931036,0.7683988,3.751814,0.1058824,0.4627451,0.3568628,0.9654732,0.280631,0.1537555,0.9653996,7.062994,2.761854,0.1763769,84745,0.9363321,1.067997,0.9798016,0.6877722,0.783892,2
0.1313041,0.07723577,0.140605,0.01976976,1.87191,6.188376,0.0203252,0.3414634,0.3211382,0.9811022,0.4397812,0.1193911,0.9799369,6.306582,2.84479,0.1597235,44461,0.9523019,1.050087,0.9841512,0.2943973,0.737697,2
0.5597704,0.5393701,0.1787885,0.03196535,0.1184866,2.022001,0.3346457,0.8070866,0.472441,0.9462839,0.2188064,0.1644377,0.9366609,7.429754,2.666436,0.1929838,37743,0.9818422,1.018494,0.99024,0.4623499,0.7927536,2
0.2891801,0.1294118,0.309942,0.09606402,0.7994483,2.138786,0.01568628,0.8,0.7843137,0.9708498,0.2723231,0.1026527,0.9828991,7.021091,2.76149,0.1733789,164007,0.8406392,1.189571,0.9704843,0.8137168,0.697451,2
0.1887603,0.1686275,0.1003028,0.01006066,2.285219,11.02541,0.09803922,0.2980392,0.2,0.9690078,0.4061015,0.1282283,0.9779033,6.327017,2.752051,0.1796272,91769,0.913933,1.094172,0.9738624,0.6970046,0.7432674,2
0.432836,0.3864542,0.1927635,0.03715777,0.4552551,2.28153,0.2031873,0.7370518,0.5338646,0.9703612,0.2461697,0.1058117,0.9706926,7.469317,2.870625,0.1589689,88133,0.9243928,1.081791,0.97291,0.5051146,0.773816,2
0.2085363,0.1850394,0.09452619,0.008935201,0.9444323,3.849011,0.1062992,0.3425197,0.2362205,0.9637141,0.3491483,0.260012,0.9465916,6.366177,2.905215,0.1544096,16587,0.8324944,1.201209,0.9840413,0.8662269,0.7895564,2
0.1010157,0.07058824,0.1002206,0.01004416,1.397324,6.176731,0.003921569,0.2392157,0.2352941,0.986564,0.4435763,0.09709238,0.9869562,5.952365,2.676605,0.1811215,123563,0.5681002,1.760253,0.8820825,0.7822371,0.5969919,3
0.2009098,0.1647059,0.1163355,0.01353396,2.599814,12.21894,0.1098039,0.3294118,0.2196078,0.9785906,0.399282,0.07575345,0.9862508,6.310263,2.835789,0.1636704,118448,0.9479124,1.05495,0.9828486,0.2985948,0.7610872,2
0.3389602,0.3497942,0.1682757,0.02831671,0.3880164,3.085658,0.1111111,0.5349794,0.4238683,0.9616376,0.2622856,0.1587417,0.9640339,7.219241,2.687422,0.1864892,24657,0.9501445,1.052472,0.9896845,0.6973106,0.7530004,1
0.2133765,0.2,0.09582094,0.009181653,3.249585,21.3121,0.1294118,0.2862745,0.1568628,0.9649788,0.3579892,0.1264498,0.9806998,6.153415,2.679976,0.1853633,66651,0.8692413,1.150429,0.9751427,0.7766585,0.6696305,2
0.2730386,0.2653061,0.07127038,0.005079466,1.80836,12.4071,0.1959184,0.3632653,0.1673469,0.9278637,0.276328,0.5766139,0.8847142,5.911695,2.812443,0.1677683,2312,0.891612,1.121564,0.9792461,0.8275046,0.7180125,1
0.1538412,0.1476793,0.06470744,0.004187054,1.758471,15.69534,0.08016878,0.2320675,0.1518987,0.9734235,0.5193624,0.2618345,0.9541613,5.823729,2.690396,0.1842028,18077,0.9791062,1.02134,0.9905748,0.413203,0.7630324,2
0.1518725,0.01209677,0.2534842,0.06425426,1.515424,3.657662,0.008064516,0.641129,0.6330645,0.9787501,0.3765066,0.1040734,0.9837968,4.654994,2.565061,0.2169636,34713,0.8507476,1.175437,0.934854,0.6928605,0.6920455,2
0.4119374,0.3715415,0.180552,0.03259903,0.9805863,3.419497,0.2252964,0.7075099,0.4822134,0.9116998,0.2315929,0.4158531,0.9021687,7.287133,2.690765,0.1907404,7631,0.651306,1.535377,0.979715,0.9428501,0.6902759,1
0.05304572,0.01960784,0.1056994,0.01117236,4.666176,27.71435,0.01176471,0.09803922,0.08627451,0.9894639,0.5355917,0.07254339,0.9889081,4.148898,2.322407,0.3013943,97234,0.8968619,1.114999,0.9588774,0.4526819,0.7103024,2
0.3192131,0.2648221,0.1630642,0.02658994,1.440529,4.913826,0.1699605,0.5513834,0.3814229,0.9430215,0.2311672,0.2895553,0.9395049,6.954254,2.697748,0.186499,9720,0.8874516,1.126822,0.9801351,0.796551,0.7617555,1
0.4045516,0.4313726,0.2032438,0.04130806,-0.2564733,2.062488,0.09411765,0.6470588,0.5529412,0.9736943,0.2896706,0.1052181,0.9777451,7.568811,2.720827,0.1851434,59507,0.6139994,1.628666,0.8584763,0.8794006,0.5423285,3
0.1868643,0.1434426,0.1415921,0.02004832,1.080142,3.517725,0.04918033,0.4057377,0.3565574,0.9851964,0.374577,0.09811729,0.9824842,6.557038,2.785052,0.1646288,88561,0.9174174,1.090016,0.9817857,0.7256787,0.7454504,2
0.2979683,0.266129,0.1393224,0.01941074,1.971483,8.312689,0.1653226,0.4556452,0.2903226,0.9513658,0.2644786,0.173328,0.9635883,6.758318,2.797791,0.1722567,22147,0.8581229,1.165334,0.9493741,0.6490767,0.7511532,2
0.3406668,0.3411765,0.1391695,0.01936814,0.529029,4.176869,0.1529412,0.5035294,0.3505882,0.950501,0.30211,0.23345,0.9434113,7.07021,2.616351,0.2046525,9071,0.9694151,1.03155,0.9816037,0.4467077,0.7565471,1
0.3096959,0.3130081,0.1063544,0.01131127,0.3892741,5.407748,0.1747967,0.4349594,0.2601626,0.9687726,0.3502733,0.1715472,0.9622675,6.677546,2.711365,0.1832772,45293,0.9310761,1.074026,0.9888438,0.7242902,0.7205721,2
0.2768968,0.2704918,0.1046649,0.01095475,0.4533577,3.524067,0.147541,0.4098361,0.2622951,0.9660776,0.30348,0.1767167,0.9692728,6.684906,2.748785,0.181264,25246,0.7830963,1.276982,0.9734336,0.8833483,0.6027024,3
0.2370216,0.2313726,0.06732166,0.004532206,1.613748,14.22893,0.1607843,0.3098039,0.1490196,0.9644809,0.2981398,0.1469555,0.9761176,6.007421,2.804574,0.1681553,47121,0.694137,1.440638,0.9416291,0.6430237,0.641102,2
0.2563985,0.2627451,0.09675355,0.009361248,0.3335311,3.477422,0.1294118,0.372549,0.2431373,0.9818865,0.3306298,0.08667574,0.9800303,6.569197,2.810014,0.1656704,101976,0.8370637,1.194652,0.9654807,0.4309814,0.7894835,2
0.1617595,0.1428571,0.08599132,0.007394508,3.217734,19.27637,0.09387755,0.2408163,0.1469388,0.979808,0.4914196,0.1572611,0.9743106,5.861295,2.778737,0.1726504,36596,0.7587416,1.317972,0.9435607,0.8032303,0.7337544,2
0.1310691,0.1188525,0.08172415,0.006678837,2.678166,20.25214,0.05327869,0.2213115,0.1680328,0.98279,0.5579816,0.1201627,0.9785115,5.977721,2.790314,0.1667423,76117,0.8582044,1.165224,0.9771744,0.7999287,0.7715238,2
0.1101216,0.05555556,0.1359754,0.0184893,2.52264,10.99623,0.01190476,0.281746,0.2698413,0.9795851,0.4193377,0.1449153,0.9799193,6.078318,2.729996,0.1759141,27106,0.8066674,1.239668,0.9526923,0.8152894,0.6173925,2
0.1114885,0.1147541,0.05368608,0.002882195,1.524899,11.39068,0.04508197,0.1639344,0.1188525,0.9916747,0.6480407,0.09381244,0.9811051,5.481971,2.80706,0.1637808,137298,0.9611866,1.040381,0.9894994,0.3512124,0.8078919,2
0.322094,0.307377,0.1028783,0.01058395,1.066015,5.915378,0.2090164,0.454918,0.2459016,0.9446079,0.3024068,0.3140848,0.9327582,6.454629,2.917532,0.1538534,7764,0.8266334,1.209726,0.9579272,0.8449758,0.7153123,1
0.1962627,0.1882353,0.1147726,0.01317274,1.012886,5.530653,0.05098039,0.3411765,0.2901961,0.9737883,0.3974039,0.1565417,0.9773518,6.749415,2.691385,0.1900132,33796,0.456433,2.190902,0.7938738,0.8747576,0.4486036,3
0.08857966,0.03921569,0.1053232,0.01109299,1.78893,6.353208,0.007843138,0.2431373,0.2352941,0.9902702,0.5061074,0.07749457,0.9870357,5.60314,2.508947,0.2327769,118085,0.9269919,1.078758,0.9852075,0.6743945,0.7416654,2
0.5029452,0.5139442,0.1041767,0.01085278,-0.1533135,2.783075,0.3545817,0.6294821,0.2749004,0.9555258,0.3017792,0.1869185,0.9209321,6.697485,2.972196,0.1449715,13087,1.006203,0.9938356,0.9924168,0.4369383,0.7992061,2
0.22323,0.1727273,0.2006322,0.04025327,1.03787,3.385585,0.01818182,0.5272727,0.5090909,0.9617894,0.3308223,0.1931722,0.9502841,6.86183,2.699298,0.1781191,46435,0.9759834,1.024608,0.9943468,0.104538,0.8627192,2
0.3183,0.3073593,0.1629719,0.02655983,0.4398831,2.626613,0.1082251,0.5454546,0.4372294,0.9703906,0.2552636,0.1171546,0.9746881,7.185852,2.563276,0.2106598,64891,0.9167195,1.090846,0.9851224,0.5482439,0.7431402,2
0.2876524,0.2047244,0.2683951,0.07203591,0.9535828,2.869988,0.01181102,0.7283465,0.7165354,0.9621784,0.2539095,0.1191834,0.9773852,7.437237,2.758239,0.176721,68442,0.8487249,1.178238,0.972754,0.8342473,0.768312,2
0.4196617,0.4,0.1774182,0.03147721,0.4102828,2.599708,0.2078431,0.6627451,0.454902,0.9405421,0.2226166,0.1872562,0.9534454,7.47652,2.637854,0.2004011,37234,0.9187807,1.088399,0.9882684,0.7184916,0.7129672,2
0.2658786,0.1686275,0.2347853,0.05512413,1.361224,4.09973,0.04313726,0.6313726,0.5882353,0.9788631,0.3147712,0.06502834,0.9879705,7.252764,2.738231,0.1734937,126495,0.8741744,1.143937,0.9602305,0.6582579,0.7744039,2
0.05228563,0.0173913,0.07007346,0.004910289,3.119465,17.85674,0.01304348,0.1434783,0.1304348,0.987506,0.5429754,0.1524666,0.9771762,4.134901,2.246784,0.3002255,29695,0.9202392,1.086674,0.9865776,0.741487,0.7009324,2
0.03474314,0.01176471,0.06936003,0.004810813,4.529533,29.60056,0.003921569,0.08235294,0.07843138,0.9907749,0.6104473,0.07965015,0.9857108,3.982086,2.083382,0.3658948,88484,0.9338772,1.070805,0.979553,0.5888204,0.774789,1
0.1107999,0.06722689,0.1152919,0.01329221,3.077067,15.90509,0.02941176,0.2310924,0.2016807,0.9749261,0.4681319,0.2694756,0.9599211,5.645397,2.739507,0.1726474,11356,0.7450193,1.342247,0.9239281,0.7886852,0.6882424,2
0.1998378,0.1746032,0.115718,0.01339065,1.241644,5.688369,0.07142857,0.3571429,0.2857143,0.9746957,0.3600421,0.1090462,0.9781531,6.657296,2.744108,0.1767652,136841,0.9859971,1.014202,0.9956055,0.3090385,0.7836323,2
0.3391283,0.3411765,0.132915,0.0176664,0.3677653,3.440212,0.1607843,0.4941176,0.3333333,0.9613062,0.3221134,0.1997012,0.9621799,7.048569,2.720872,0.1859881,13853,0.6412685,1.559409,0.8941457,0.8802123,0.5480477,1
0.261646,0.2509804,0.1197449,0.01433883,0.8948249,5.480217,0.1254902,0.4078431,0.282353,0.9584396,0.2751073,0.1258576,0.9770263,6.877908,2.635904,0.2028074,80524,0.644442,1.55173,0.9532062,0.8545912,0.6880335,2
0.2651424,0.256,0.1674442,0.02803756,0.853263,4.049687,0.064,0.464,0.4,0.961008,0.279701,0.2201771,0.9495631,7.188725,2.567207,0.2067026,31748,0.9435455,1.059832,0.9910411,0.664224,0.8025278,2
0.069638,0.0627451,0.06589312,0.004341904,4.755914,36.97237,0.01176471,0.1137255,0.1019608,0.9930379,0.5672151,0.05227103,0.9918956,4.948046,2.689307,0.1901272,166683,0.8838865,1.131367,0.962423,0.6063589,0.7184612,2
0.2353426,0.2117647,0.1277319,0.01631544,1.110922,4.943071,0.09411765,0.4078431,0.3137255,0.9488399,0.2803891,0.1645922,0.9695222,6.923224,2.610273,0.2043829,54673,0.8958133,1.116304,0.9784877,0.6783862,0.7367832,2
0.2724578,0.2666667,0.1102492,0.01215488,0.6075788,3.819051,0.1333333,0.4156863,0.282353,0.9649878,0.2938665,0.1407268,0.9702586,6.783512,2.783634,0.1747055,78438,0.8636855,1.157829,0.9746515,0.7879537,0.7513219,2
0.2295829,0.2196078,0.1011623,0.01023382,1.946763,10.30053,0.1254902,0.3215686,0.1960784,0.9460113,0.2847072,0.2895682,0.9485496,6.416368,2.674812,0.1915988,8237,0.9172038,1.09027,0.9877683,0.7470829,0.7210259,2
0.2463939,0.2125984,0.133498,0.01782171,1.147685,4.522019,0.1023622,0.4291339,0.3267716,0.9556906,0.3182571,0.2373296,0.9347206,6.906411,2.629191,0.2012186,18384,0.9437848,1.059564,0.9887592,0.4704412,0.8624507,1
0.09591851,0.05098039,0.1037379,0.01076156,1.961215,7.44945,0.01568628,0.2392157,0.2235294,0.9882305,0.4830422,0.08443943,0.9870396,5.829534,2.669973,0.1876003,99170,0.7750415,1.290254,0.9177988,0.573516,0.701706,2
0.2100305,0.2039216,0.1106398,0.01224117,0.7636026,4.314744,0.07450981,0.3529412,0.2784314,0.9725102,0.3250932,0.1263833,0.9809807,6.731772,2.743808,0.1808942,53564,0.5218031,1.916432,0.8667594,0.6883752,0.5902369,3
0.4049551,0.3764706,0.1357429,0.01842614,0.9494495,3.982116,0.254902,0.5803922,0.3254902,0.9532395,0.3157838,0.1831712,0.9487262,6.996693,2.684606,0.1879569,14111,0.9520089,1.05041,0.9860936,0.5498015,0.7407349,1
0.4500416,0.4342105,0.2211718,0.04891697,0.1028041,1.829207,0.1609649,0.75,0.5890351,0.9319557,0.2034055,0.3516733,0.9205518,7.45459,2.761066,0.1793441,5142,0.8077133,1.238063,0.9211752,0.695424,0.6494884,2
0.5132153,0.5098814,0.121915,0.01486328,0.1631855,2.514363,0.3517787,0.6798419,0.3280632,0.962811,0.2897868,0.1201899,0.9546477,6.964367,2.836347,0.165865,84588,0.9064208,1.10324,0.9707026,0.5969156,0.7581744,1
0.125103,0.09486166,0.1297831,0.01684364,3.016579,14.52148,0.02371541,0.229249,0.2055336,0.9839783,0.570444,0.1096865,0.9777497,6.252748,2.852028,0.1585591,54521,0.9374654,1.066706,0.9846312,0.387702,0.8128727,2
0.3601439,0.3960784,0.2007631,0.04030581,-0.2566196,2.118072,0.04705882,0.5921569,0.5450981,0.9571289,0.2218107,0.1537243,0.9659451,7.240647,2.800435,0.1704432,24918,0.9586368,1.043148,0.9928281,0.6461555,0.7099954,3
0.1927122,0.1850394,0.06768315,0.004581009,1.31338,8.47902,0.1181102,0.2716535,0.1535433,0.9732946,0.4144643,0.1178813,0.9798045,6.029766,2.799031,0.1677229,73096,0.8345261,1.198285,0.9715949,0.7919174,0.7396883,2
0.3422602,0.3415638,0.07866438,0.006188084,0.5068071,6.036067,0.2427984,0.436214,0.1934156,0.9660759,0.4746054,0.2087853,0.9412522,6.247541,2.688487,0.1870479,15605,0.9422103,1.061334,0.9845426,0.6171481,0.7676604,2
0.1493355,0.124,0.1260572,0.01589041,1.545631,6.746782,0.028,0.308,0.28,0.9797764,0.3906534,0.1304155,0.9821882,6.466263,2.7952,0.1691847,19849,0.7379904,1.355031,0.9513516,0.8568387,0.5474076,1
0.08993371,0.07346939,0.09425933,0.008884821,3.131315,17.69238,0.0122449,0.1795918,0.1673469,0.9900576,0.5694781,0.08694499,0.984643,5.328393,2.62464,0.2037061,90675,0.941752,1.061851,0.9847308,0.4583062,0.7679116,2
0.230842,0.2078431,0.1058714,0.01120876,2.719522,13.62674,0.1411765,0.3176471,0.1764706,0.9630079,0.3076617,0.1838672,0.9694864,6.263048,2.84146,0.1668902,23565,0.904915,1.105076,0.9780849,0.6246304,0.6924772,2
0.07909326,0.01204819,0.1550857,0.02405156,3.022856,12.03624,0.01204819,0.2289157,0.2168675,0.9802372,0.4447643,0.1372576,0.9812487,3.915533,2.540372,0.2386353,16852,0.8284332,1.207098,0.9873447,0.8585319,0.6190127,1
0.0717809,0.02745098,0.09620664,0.009255717,2.43404,11.38216,0.003921569,0.1960784,0.1921569,0.9904388,0.5116774,0.07113325,0.9893812,5.303341,2.452363,0.2365558,109973,0.8531567,1.172118,0.9501072,0.6932448,0.6930577,2
0.3984946,0.3951613,0.1007765,0.0101559,0.601001,4.535967,0.2782258,0.5241935,0.2459677,0.9611878,0.3697431,0.2456293,0.9389458,6.60972,2.731293,0.1803276,8255,0.8942797,1.118218,0.9639187,0.6579381,0.6593977,2
0.1165656,0.1290323,0.06218119,0.0038665,0.5762929,5.419281,0.02822581,0.1733871,0.1451613,0.9918717,0.5135545,0.1083691,0.9849206,5.663538,2.728499,0.1833294,61164,0.8122069,1.231213,0.9870893,0.8104862,0.653301,2
0.2485477,0.244,0.1074823,0.01155244,0.7613491,4.564565,0.116,0.376,0.26,0.9730501,0.2971965,0.1230488,0.9788366,6.609302,2.907822,0.1534,63928,0.8235793,1.214212,0.9652278,0.7788996,0.6567293,2
0.2943909,0.2862745,0.1538545,0.0236712,0.6283165,3.954214,0.09019608,0.4862745,0.3960784,0.9601592,0.2686362,0.185242,0.9611607,7.232137,2.53781,0.2181194,37119,0.8989357,1.112427,0.9850853,0.6652017,0.73605,2
0.191177,0.1372549,0.1607276,0.02583337,1.637558,5.966118,0.05098039,0.4039216,0.3529412,0.9700937,0.3639951,0.1241035,0.9753677,6.732518,2.718329,0.1785796,36810,0.9143841,1.093632,0.9672588,0.329048,0.788983,2
0.3111616,0.2943548,0.1435611,0.02060979,0.5310002,2.920934,0.1330645,0.5120968,0.3790323,0.9576209,0.255129,0.1942614,0.9569998,7.107601,2.642914,0.1952775,31366,0.9627752,1.038664,0.9852059,0.5412425,0.7577976,2
0.1137906,0.06666667,0.1448717,0.02098781,3.598316,17.62414,0.03137255,0.2313726,0.2,0.9849971,0.5208883,0.06777734,0.9885274,5.914734,2.850435,0.1596426,96547,0.8402557,1.190114,0.9494808,0.7994617,0.7559862,2
0.2909194,0.2727273,0.08982156,0.008067913,1.372573,8.304066,0.1942149,0.4090909,0.214876,0.9512941,0.3016688,0.3320517,0.9308361,6.276211,2.76145,0.1740797,7615,0.8164965,1.224745,0.936424,0.7816879,0.7257911,1
0.1046089,0.05098039,0.1255351,0.01575906,2.477816,9.956409,0.02352941,0.2705882,0.2470588,0.9865062,0.4394733,0.09593771,0.9874128,5.900504,2.773577,0.1716806,61430,0.4262422,2.346084,0.7056459,0.8956878,0.4934295,2
0.3563951,0.3466136,0.1733145,0.03003792,0.2480146,2.942989,0.1354582,0.5856574,0.4501992,0.9573948,0.2512648,0.1506324,0.963338,7.383324,2.763337,0.1782599,63035,0.8223272,1.216061,0.9693069,0.845128,0.7609247,2
0.2441637,0.2431373,0.0854116,0.007295141,1.136409,9.836167,0.1411765,0.3411765,0.2,0.9590862,0.2909871,0.2737446,0.9481393,6.358233,2.820985,0.1685179,10652,0.8940843,1.118463,0.9563656,0.7309226,0.7226594,1
0.07154752,0.05098039,0.08664092,0.007506649,4.143182,27.24335,0.01568628,0.145098,0.1294118,0.9913173,0.549414,0.07524997,0.9879466,5.323127,2.750403,0.1775596,107605,0.938033,1.066061,0.9825415,0.5758867,0.7307144,2
0.2714825,0.264,0.08020843,0.006433392,1.773689,11.33109,0.184,0.36,0.176,0.9556457,0.2977474,0.2116176,0.9565496,6.180161,2.798889,0.1701635,25051,0.9092879,1.099762,0.97699,0.6435541,0.7246666,2
0.2465772,0.1929134,0.1272888,0.01620245,1.693393,5.971146,0.1417323,0.4330709,0.2913386,0.9741831,0.3286295,0.12695,0.9755853,6.364766,2.802837,0.1643764,44687,0.9621882,1.039298,0.9888254,0.6088512,0.7659228,2
0.09886847,0.07569721,0.07561038,0.005716929,2.301956,11.42559,0.03187251,0.1832669,0.1513944,0.988291,0.5342149,0.1253872,0.9802315,5.759878,2.743421,0.1727008,35155,0.8642624,1.157056,0.9651338,0.7339846,0.7230861,2
0.4937403,0.5063291,0.1930872,0.03728266,0.01530147,2.146424,0.2320675,0.7341772,0.5021097,0.9390647,0.2113681,0.2900698,0.9067907,7.439158,2.733037,0.1779624,14535,0.9901998,1.009897,0.9884393,0.4299402,0.7986264,2
0.4782548,0.4823529,0.09380607,0.008799578,-0.06557383,3.407534,0.3568628,0.5921569,0.2352941,0.9594093,0.2933464,0.1245,0.9574536,6.616668,2.875974,0.160327,154822,0.9324989,1.072387,0.980867,0.6148787,0.748815,2
0.07360826,0.03846154,0.09462807,0.008954473,2.649731,11.69156,0.004273504,0.1709402,0.1666667,0.9930654,0.4782338,0.0681477,0.9907008,5.406876,2.711498,0.1800889,119665,0.8339055,1.199177,0.9757659,0.8417596,0.6267809,2
0.3437768,0.3346939,0.09586955,0.00919097,1.073058,6.933424,0.2326531,0.4571429,0.2244898,0.9580926,0.3762064,0.2072672,0.9534066,6.482017,2.694016,0.1854376,13368,0.781764,1.279158,0.9491622,0.7325811,0.6630952,1
0.1200309,0.09019608,0.1030521,0.01061973,3.4305,19.74122,0.04313726,0.2196078,0.1764706,0.9834791,0.519659,0.0961217,0.9839114,6.016682,2.735719,0.1774202,55982,0.8598789,1.162954,0.9755341,0.8132521,0.7465063,2
0.297172,0.2784314,0.1317866,0.01736771,1.185897,5.977267,0.1529412,0.4627451,0.3098039,0.9461109,0.2625392,0.3006849,0.9400604,6.944799,2.514268,0.2271834,10631,0.9171584,1.090324,0.9830775,0.76007,0.7054413,2
0.03783199,0.01176471,0.06203456,0.003848286,5.234753,49.55107,0.003921569,0.09803922,0.09411765,0.9923785,0.6137267,0.09999018,0.9827393,4.265936,2.211622,0.319621,89683,0.8874893,1.126774,0.9521196,0.6295874,0.762883,2
0.4188994,0.4117647,0.1424958,0.02030505,0.3045298,2.607737,0.2392157,0.6117647,0.372549,0.9700133,0.285,0.13221,0.9628791,7.171634,2.78276,0.1745408,104664,0.8130175,1.229986,0.9539191,0.815547,0.7431201,2
0.344199,0.3162055,0.1842162,0.03393562,0.7751892,2.934252,0.1422925,0.6007905,0.458498,0.9677983,0.2327698,0.1297577,0.9716837,7.149409,2.795638,0.170934,22784,0.9661086,1.03508,0.9882026,0.3585024,0.7656943,1
0.1431888,0.1062992,0.1128529,0.01273577,3.101639,15.9801,0.06299213,0.2598425,0.1968504,0.9792925,0.4602411,0.1480154,0.9771312,6.032782,2.727884,0.1778977,29328,0.8827636,1.132806,0.9669315,0.6855395,0.7048306,2
0.2391978,0.1803922,0.1819913,0.03312082,1.48689,4.898153,0.07058824,0.5137255,0.4431373,0.9702186,0.3050443,0.1198409,0.9785778,7.084081,2.722386,0.1816185,37317,0.951102,1.051412,0.9892373,0.6935753,0.738059,2
0.1084766,0.07228915,0.1128316,0.01273096,1.959814,8.007236,0.01204819,0.2610442,0.248996,0.9776238,0.4402753,0.1912619,0.9722774,6.153347,2.741497,0.1754953,22566,0.785203,1.273556,0.9339845,0.8213187,0.6633157,2
0.234593,0.1975807,0.1662724,0.02764651,1.417647,5.490504,0.06451613,0.4516129,0.3870968,0.9464948,0.2837817,0.2812708,0.94912,7.057782,2.806271,0.1689834,13983,0.9321302,1.072811,0.9797506,0.6056119,0.7381229,1
0.1017994,0.04705882,0.1389008,0.01929343,2.323149,9.605112,0.003921569,0.2784314,0.2745098,0.9767104,0.4670416,0.1529699,0.9745099,5.731416,2.771188,0.1756462,38975,0.9166159,1.09097,0.9775521,0.5700626,0.7401534,2
0.1240908,0.1075697,0.08218031,0.006753604,2.337288,14.19946,0.04780877,0.2231076,0.1752988,0.9755566,0.4751205,0.2764725,0.9579466,6.014598,2.613683,0.1924555,12030,0.9308932,1.074237,0.9762233,0.6165304,0.7007223,1
0.4011994,0.3913043,0.1374352,0.01888843,0.1904465,2.288909,0.2252964,0.5889328,0.3636364,0.9647673,0.2757848,0.124366,0.9670697,7.113839,2.790096,0.1743203,144462,0.8621601,1.159877,0.9664432,0.7635444,0.7353253,2
0.06304398,0.02745098,0.1380523,0.01905845,4.633787,26.0463,0.003921569,0.1019608,0.09803922,0.9896287,0.5664881,0.06228967,0.9896135,4.849939,2.352103,0.2827044,121827,0.8568633,1.167047,0.9569244,0.770829,0.7543467,2
0.1786982,0.1535433,0.07474258,0.005586453,2.134009,10.00126,0.1141732,0.2795275,0.1653543,0.9813865,0.451389,0.1329724,0.9765466,5.741083,2.847878,0.1577251,56292,0.8654459,1.155474,0.9699497,0.6389375,0.755648,2
0.163476,0.124498,0.1270211,0.01613437,2.344929,8.852727,0.07228915,0.3333333,0.2610442,0.98771,0.4892185,0.05842349,0.9889782,6.155865,2.820232,0.1610221,162119,0.9186966,1.088499,0.971069,0.5520794,0.7844341,2
0.2319869,0.2172131,0.07417158,0.005501424,2.553264,14.79729,0.1639344,0.3032787,0.1393443,0.9696277,0.3298775,0.1379659,0.9763243,5.821011,2.810475,0.1654138,43147,0.8877469,1.126447,0.9651709,0.5780031,0.7156458,2
0.07661609,0.05357143,0.0655753,0.00430012,3.836255,28.87018,0.03571429,0.1517857,0.1160714,0.988167,0.5717333,0.1577219,0.9740471,4.802354,2.719858,0.1877037,48042,0.8910336,1.122292,0.9721362,0.619823,0.7438224,2
0.4177107,0.4078431,0.1354167,0.01833769,0.4844669,3.622113,0.2470588,0.5843138,0.3372549,0.9610421,0.2942581,0.132823,0.9579565,7.067852,2.869844,0.1608851,63646,0.9479054,1.054958,0.9868515,0.5862699,0.7922081,2
0.3673134,0.3438735,0.1388948,0.01929175,0.8497349,3.552834,0.2094862,0.5691699,0.3596838,0.9532803,0.2801385,0.1803025,0.9558055,7.04211,2.602446,0.2055547,30744,0.9101816,1.098682,0.9886166,0.7598162,0.742519,2
0.1969014,0.1372549,0.1759303,0.03095147,1.468041,5.022535,0.03529412,0.4627451,0.427451,0.9763037,0.3476442,0.09643522,0.9837813,6.97065,2.780011,0.170556,53330,0.8527794,1.172636,0.9738327,0.5327244,0.718462,2
0.09719558,0.07024793,0.08117913,0.006590051,3.600831,24.33763,0.03719008,0.1859504,0.1487603,0.9746597,0.5698122,0.3417111,0.9401949,5.539732,2.737324,0.1743038,7243,0.9625641,1.038892,0.9825013,0.4107691,0.7698767,2
0.2917915,0.2795275,0.1374988,0.01890592,1.294394,6.552852,0.1417323,0.4370079,0.2952756,0.9502478,0.2713706,0.2006061,0.9614813,6.97345,2.784504,0.1759692,14561,0.8422174,1.187342,0.9483522,0.774351,0.6855462,1
0.4703738,0.4588235,0.1647585,0.02714535,0.3929425,2.798174,0.2627451,0.6901961,0.427451,0.966167,0.2573694,0.1225387,0.9642467,7.388977,2.711097,0.1835321,92666,0.8675399,1.152685,0.9888698,0.8091801,0.7267751,2
0.1288221,0.1220472,0.07262491,0.005274378,2.09491,11.59713,0.0511811,0.1929134,0.1417323,0.9911413,0.4926629,0.08539139,0.9881235,5.92379,2.846744,0.1621034,116021,0.5702051,1.753755,0.8473077,0.8488497,0.6468827,2
0.1695218,0.1535433,0.05816121,0.003382727,7.196051,78.92705,0.1377953,0.2204724,0.08267716,0.9671089,0.5312256,0.4339945,0.9230242,4.607837,2.946434,0.1455626,4988,0.9960324,1.003983,0.9853812,0.5369658,0.7721362,1
0.3426744,0.3254902,0.1248487,0.0155872,0.609148,3.015852,0.1921569,0.5176471,0.3254902,0.9696179,0.3001991,0.1133483,0.9716071,6.938591,2.762127,0.1776925,117430,0.8877274,1.126472,0.965104,0.758461,0.7722864,2
0.4121107,0.4089069,0.1367775,0.0187081,0.1243488,2.455623,0.2348178,0.5951417,0.3603239,0.9691439,0.2985279,0.1234765,0.9618154,7.101088,2.798822,0.1716418,145062,0.8518935,1.173856,0.957663,0.7900186,0.791754,2
0.6375604,0.6392157,0.1315066,0.01729398,-0.1405908,2.725774,0.4705882,0.8078431,0.3372549,0.9607412,0.3845928,0.1851139,0.9151266,7.055803,2.702461,0.1885341,5596,0.5076318,1.969932,0.842898,0.936534,0.4307266,2
0.4146004,0.3817427,0.1735138,0.03010705,0.5126219,2.795441,0.2116183,0.6473029,0.4356847,0.9586473,0.2534347,0.1858619,0.9561527,7.316922,2.560629,0.2145999,14182,0.8523483,1.173229,0.9492637,0.7630221,0.655815,1
0.2041238,0.1921569,0.1158067,0.0134112,1.562734,9.270795,0.07450981,0.3372549,0.2627451,0.9574194,0.3546834,0.2107497,0.9510254,6.722226,2.626717,0.1999777,27153,0.9750704,1.025567,0.9902626,0.4687963,0.8275831,1
0.2085825,0.2,0.06594611,0.004348889,2.229075,13.99648,0.145098,0.2784314,0.1333333,0.9670413,0.3908539,0.1228862,0.9778036,5.852394,2.802341,0.1687917,79492,0.80439,1.243178,0.9552949,0.8001097,0.7565623,2
0.244549,0.2313726,0.118099,0.01394736,1.077958,4.724891,0.1058824,0.3921569,0.2862745,0.9687636,0.300694,0.1061452,0.983209,6.781273,2.77012,0.1765518,41656,0.7869591,1.270714,0.9729073,0.8645442,0.5967566,2
0.1340217,0.1062992,0.09906568,0.009814007,1.87302,7.455003,0.04330709,0.2716535,0.2283465,0.9873547,0.4592935,0.09499672,0.9851706,6.245306,2.822537,0.1643281,82024,0.8265221,1.209889,0.9258519,0.659027,0.7053522,1
0.1001005,0.05691057,0.1145449,0.01312054,2.297313,9.613505,0.01219512,0.2520325,0.2398374,0.9771099,0.4556496,0.1970451,0.9705893,5.890009,2.683723,0.1788261,19436,0.8369904,1.194757,0.9532591,0.7341045,0.6854281,2
0.3017938,0.2916667,0.08551672,0.007313109,1.581917,8.166851,0.2125,0.4,0.1875,0.9557043,0.3406576,0.1906502,0.95692,6.207393,2.589134,0.2034028,22074,0.9062173,1.103488,0.9644355,0.4800764,0.7262617,2
0.3150517,0.254902,0.2502543,0.06262722,0.3892647,1.863457,0.01176471,0.6784314,0.6666667,0.9717923,0.2412711,0.09491416,0.9817901,7.50432,2.706232,0.1870542,94026,0.8843911,1.130721,0.9697901,0.7500393,0.7286916,2
0.2095937,0.1967213,0.0959076,0.009198268,3.441029,22.22002,0.1270492,0.295082,0.1680328,0.9450451,0.3788421,0.3462757,0.9292857,6.082899,2.715434,0.181506,14481,0.9730623,1.027683,0.990357,0.6126872,0.8020049,2
0.4375143,0.432,0.09763756,0.009533092,0.4716167,3.743839,0.316,0.556,0.24,0.9486802,0.332372,0.2280026,0.9267778,6.581459,2.750294,0.1762838,10764,0.9358473,1.06855,0.966161,0.410388,0.756005,2
0.22575,0.1529412,0.2023648,0.04095152,0.7209858,2.385506,0.01568628,0.5294118,0.5137255,0.9699711,0.2903741,0.124864,0.9756933,6.946647,2.687645,0.1829787,42270,0.924742,1.081383,0.9925098,0.743874,0.7632719,2
0.2007541,0.1192661,0.2022106,0.04088914,1.658045,5.022057,0.0412844,0.5275229,0.4862385,0.9687741,0.3820078,0.1377554,0.9734468,6.731671,2.730516,0.1778123,34185,0.8913047,1.121951,0.9827512,0.78848,0.7938001,2
0.3259093,0.3098039,0.1076032,0.01157844,1.094183,5.29989,0.2,0.4627451,0.2627451,0.9572521,0.3213465,0.2601666,0.9423225,6.654309,2.665212,0.1913741,9189,0.9388403,1.065144,0.9776572,0.5212303,0.7071181,1
0.398144,0.3830645,0.1277093,0.01630966,0.5520871,4.527469,0.2580645,0.5685484,0.3104839,0.9554537,0.3464234,0.2052783,0.9394872,6.89985,2.729331,0.1835331,16949,0.9277344,1.077895,0.9796544,0.6159073,0.7330883,2
0.3158638,0.2766798,0.1475984,0.02178529,1.156867,4.010042,0.1660079,0.5335968,0.3675889,0.9510384,0.2426205,0.2137709,0.9576256,6.942994,2.766169,0.1788319,10732,0.848761,1.178188,0.9744847,0.7786525,0.7092255,1
0.2038011,0.1764706,0.158355,0.0250763,0.8588648,3.378624,0.01960784,0.427451,0.4078431,0.9637482,0.3041985,0.1722459,0.9709406,7.064574,2.632253,0.2038009,40187,0.9138524,1.094269,0.9901202,0.7708783,0.6979939,2
0.1471288,0.1205674,0.06609332,0.004368327,2.351918,11.34453,0.09219858,0.2269503,0.1347518,0.981483,0.6103509,0.1409887,0.9663591,4.582896,2.799647,0.1655406,32629,0.8721597,1.146579,0.9882185,0.7915713,0.8475065,2
0.2074777,0.145098,0.1376958,0.01896013,1.073833,3.101437,0.08235294,0.4313726,0.3490196,0.9812724,0.3381045,0.1048304,0.9833056,6.566494,2.801259,0.1647449,50529,0.7806163,1.281039,0.9477801,0.5929481,0.6712498,2
0.1625651,0.1294118,0.1059498,0.01122536,2.781919,14.16157,0.08235294,0.282353,0.2,0.983845,0.4877042,0.09305116,0.9822239,6.134502,2.763636,0.1733889,73152,0.9317131,1.073292,0.9808791,0.4199261,0.7873935,2
0.29198,0.28125,0.1158773,0.01342755,0.5140184,2.993718,0.1517857,0.4553571,0.3035714,0.9540107,0.2874181,0.1713022,0.9572793,6.691473,2.85867,0.1619652,90307,0.9045545,1.105517,0.9679415,0.6166713,0.8038436,2
0.3415966,0.3292181,0.1310201,0.01716627,0.4175198,2.587804,0.1769547,0.526749,0.3497942,0.9609274,0.2827258,0.1671521,0.9579431,6.958042,2.739728,0.1805296,61523,0.94187,1.061718,0.9908362,0.6613683,0.776629,2
0.05353764,0.02352941,0.07881027,0.006211059,3.924133,23.55611,0.01176471,0.1215686,0.1098039,0.994728,0.5441254,0.03833802,0.9941715,4.486141,2.252268,0.313523,324351,0.8997703,1.111395,0.968027,0.7118429,0.7063823,1
0.3679368,0.3688525,0.1074667,0.0115491,0.4417362,5.360703,0.2377049,0.4959016,0.2581967,0.9520664,0.3619379,0.2658637,0.9330196,6.642579,2.660502,0.1925359,7161,0.9569622,1.044973,0.9745509,0.4632567,0.7255319,2
0.1023635,0.02745098,0.1527252,0.02332498,2.152354,8.275117,0.003921569,0.3176471,0.3137255,0.988227,0.4234041,0.06816275,0.9902008,5.182259,2.460219,0.2461022,121691,0.7034773,1.42151,0.9040063,0.7756938,0.6466803,2
0.2994307,0.2352941,0.2738636,0.07500129,0.6156465,2.174391,0.007843138,0.7137255,0.7058824,0.965907,0.2442868,0.1270567,0.9723682,7.34714,2.710437,0.1829124,34851,0.9524035,1.049975,0.9883164,0.5895618,0.8140284,2
0.2279001,0.2155172,0.08623795,0.007436985,2.082033,11.62875,0.137931,0.3232759,0.1853448,0.9469928,0.2984873,0.3425958,0.9441756,6.054636,2.753815,0.1801851,6275,0.864051,1.157339,0.9371266,0.645064,0.6820652,1
0.08491246,0.05511811,0.08804391,0.00775173,2.874472,14.47324,0.01968504,0.1929134,0.1732284,0.9875047,0.5303545,0.09769411,0.9843129,5.688223,2.761998,0.1699669,51657,0.9269277,1.078833,0.9914591,0.7410132,0.7296187,2
0.3925731,0.4047619,0.1257481,0.0158126,0.128374,2.916624,0.2142857,0.5436508,0.3293651,0.9498336,0.2829309,0.2241634,0.9412622,6.930514,2.836423,0.1633502,22379,0.9651992,1.036056,0.9872943,0.39897,0.7477363,2
0.3549443,0.345679,0.1315108,0.01729509,0.2844488,2.144629,0.1893004,0.5349794,0.345679,0.9562178,0.2713103,0.1639224,0.9550088,6.92135,2.77356,0.172087,81491,0.966684,1.034464,0.9916401,0.4592029,0.8060515,2
0.3191369,0.3052209,0.1401517,0.01964251,0.5268489,4.21768,0.1526104,0.4939759,0.3413655,0.9458824,0.2709188,0.2632802,0.9433369,7.069879,2.632812,0.1975802,15786,0.9405702,1.063185,0.9901524,0.7430608,0.7228022,2
0.3209442,0.2980392,0.1786586,0.03191891,0.9267004,3.85142,0.09803922,0.6039216,0.5058824,0.9763162,0.265875,0.09045273,0.9807681,7.221334,2.902206,0.1540147,127446,0.8013737,1.247857,0.9281558,0.7939364,0.7149244,2
0.1685105,0.1372549,0.1268161,0.01608232,3.158852,15.0433,0.07843138,0.282353,0.2039216,0.9850903,0.5049084,0.07281698,0.9866527,6.168157,2.895583,0.1517584,78924,0.9018541,1.108827,0.9813489,0.7730395,0.7796503,2
0.06129069,0.01960784,0.09633078,0.009279618,3.333195,16.84535,0.01176471,0.1647059,0.1529412,0.9875629,0.546442,0.08433115,0.9865256,4.456976,2.330292,0.281945,113359,0.8101872,1.234283,0.9455251,0.6794397,0.7296819,1
0.1307135,0.116,0.06116833,0.003741565,4.59367,31.09043,0.096,0.152,0.056,0.9879664,0.5861507,0.1455486,0.9732503,4.573924,2.898119,0.1496341,43700,0.9817155,1.018625,0.9917168,0.4482695,0.7814735,2
0.3644144,0.3650794,0.09169983,0.008408858,0.9175069,6.31782,0.2539683,0.4642857,0.2103175,0.9816545,0.4815395,0.0641998,0.9822028,6.468294,2.82012,0.1649409,113025,0.929761,1.075545,0.9791055,0.6292431,0.7534246,2
0.2400868,0.2310757,0.1198681,0.01436837,1.487285,8.02879,0.0996016,0.374502,0.2749004,0.9530877,0.2780944,0.2432513,0.95884,6.752389,2.881238,0.1599417,18042,0.8520522,1.173637,0.9796916,0.8248053,0.669462,1
0.2119242,0.1836735,0.1230884,0.01515076,1.890623,8.273564,0.09387755,0.3510204,0.2571429,0.9726496,0.3489945,0.1134076,0.9788751,6.572236,2.743806,0.1772397,52324,0.9647752,1.036511,0.9907597,0.5386548,0.7604348,2
0.2801303,0.2627451,0.103029,0.01061497,1.021008,4.415045,0.1686275,0.4196078,0.2509804,0.968914,0.2924831,0.1078439,0.9775304,6.578143,2.811894,0.1690917,119055,0.9005761,1.1104,0.976525,0.7031523,0.7488018,2
0.1712599,0.07843138,0.2004555,0.0401824,2.174723,7.520301,0.03921569,0.4588235,0.4196078,0.9809428,0.397543,0.07506059,0.988109,6.343759,2.688263,0.1829989,95271,0.9556134,1.046448,0.9949142,0.6584948,0.7122533,2
0.1152034,0.06666667,0.1169548,0.01367842,1.797513,6.484058,0.01960784,0.2745098,0.254902,0.9890675,0.4659804,0.07690366,0.9873338,6.216258,2.76518,0.1687525,117765,0.9058146,1.103979,0.9793754,0.6814855,0.7305793,2
0.2551885,0.2392157,0.1315423,0.01730338,1.269234,6.471571,0.09803922,0.4078431,0.3098039,0.9622322,0.2848966,0.1776608,0.9636983,6.921313,2.724767,0.1833847,29354,0.9302244,1.075009,0.980493,0.6666818,0.7624416,1
0.1108651,0.08235294,0.1092697,0.01193987,3.591186,19.60477,0.03921569,0.2117647,0.172549,0.9867404,0.5839198,0.06973732,0.9854837,5.760199,2.685063,0.1834978,121614,0.938069,1.06602,0.9861661,0.5986502,0.8167714,2
0.1247654,0.056,0.1666317,0.02776611,2.209866,7.965184,0.008,0.344,0.336,0.9848129,0.4664387,0.0698866,0.9877064,6.180552,2.643795,0.1972619,62981,0.9824662,1.017847,0.9932502,0.3004569,0.7619837,2
0.4250717,0.4110672,0.1608403,0.02586961,0.3639818,2.415657,0.2371542,0.6403162,0.4031621,0.9613283,0.2564689,0.177314,0.9524763,7.271476,2.72735,0.1802038,41237,0.941246,1.062421,0.9913455,0.6889861,0.7192918,2
0.07693979,0.03921569,0.1204603,0.01451069,3.803375,18.7639,0.01960784,0.1607843,0.1411765,0.9855136,0.5147886,0.09266626,0.9857701,5.161134,2.629316,0.1979211,60578,0.9133044,1.094925,0.9792758,0.7259058,0.7103424,1
0.4268535,0.4039216,0.1367365,0.01869686,0.823613,3.557059,0.2705882,0.6117647,0.3411765,0.959203,0.3176918,0.139207,0.9608129,7.046615,2.656673,0.1956393,30076,0.8590306,1.164103,0.9654287,0.8116366,0.7124988,1
0.4730862,0.454902,0.1399006,0.01957218,0.6129043,3.047901,0.3098039,0.6705883,0.3607843,0.9634488,0.2964537,0.135209,0.9547711,7.125049,2.854463,0.1635956,68233,0.8805071,1.135709,0.9664183,0.7377653,0.7592158,2
0.1772015,0.1607843,0.08815852,0.007771925,2.46355,17.44474,0.09019608,0.2784314,0.1882353,0.9605827,0.4367282,0.3235554,0.9322686,6.187581,2.885456,0.1590147,9126,0.993473,1.00657,0.9888395,0.1784149,0.8125,2
0.146173,0.08467742,0.1570461,0.02466348,3.038808,13.46356,0.0483871,0.2862903,0.2379032,0.940691,0.4188573,0.5729885,0.9048302,6.078214,2.871885,0.1602211,3340,0.8869885,1.12741,0.9683967,0.7962349,0.7455357,1
0.270748,0.2261905,0.2117056,0.04481926,0.65649,2.503258,0.02380952,0.5873016,0.5634921,0.9710311,0.2898507,0.1188865,0.9807411,7.355693,2.658311,0.1946843,53985,0.753805,1.326603,0.9751802,0.8946872,0.5785058,1
0.2319619,0.2117647,0.1134511,0.01287116,1.2203,5.553738,0.1137255,0.3803922,0.2666667,0.9627898,0.3027622,0.1521807,0.9725598,6.737706,2.635413,0.1962277,33975,0.9298432,1.07545,0.9882486,0.7242539,0.7287645,2
0.151335,0.1411765,0.071872,0.005165583,2.930268,21.84434,0.08235294,0.2235294,0.1411765,0.9819188,0.5573362,0.1164081,0.9787021,5.884446,2.744216,0.1750301,70033,0.8344681,1.198368,0.9766278,0.7557473,0.7784559,2
0.1795031,0.1647059,0.08255282,0.006814968,1.753868,7.999258,0.09411765,0.2666667,0.172549,0.983196,0.4233379,0.09258337,0.9866329,6.149103,2.773898,0.1734797,90069,0.7614056,1.31336,0.9274946,0.6769337,0.6510463,2
0.3796562,0.4117647,0.2015852,0.04063658,-0.183488,2.460959,0.05098039,0.6078432,0.5568628,0.95476,0.2273428,0.1853128,0.9593874,7.467452,2.77966,0.1776838,21858,0.8460039,1.182028,0.9769812,0.8219759,0.6743799,1
0.4942242,0.4939759,0.1404301,0.0197206,0.03638915,2.417472,0.3052209,0.6787149,0.373494,0.9635299,0.2776692,0.1356799,0.9523288,7.146444,2.807604,0.1691396,85719,0.9360984,1.068264,0.9893926,0.7036473,0.7652525,1
0.4653554,0.4876033,0.1585154,0.02512712,-0.4947141,3.206532,0.2272727,0.6446281,0.4173554,0.9526951,0.2424597,0.243753,0.9331,7.19167,2.546979,0.2090231,15206,0.8939615,1.118616,0.9587642,0.4819079,0.6880231,2
0.1774098,0.156,0.1082697,0.01172232,2.925185,15.51987,0.088,0.26,0.172,0.9781739,0.5053246,0.09540969,0.9818256,6.235932,2.776506,0.172627,98235,0.9738479,1.026854,0.9912415,0.4694743,0.7896069,2
0.2583287,0.1882353,0.1652447,0.0273058,1.883643,6.042378,0.1333333,0.4984314,0.365098,0.9661643,0.3046373,0.1875636,0.9700271,6.534644,2.896299,0.1558567,11134,0.864793,1.156346,0.981315,0.7858666,0.669191,1
0.2287018,0.05490196,0.2765901,0.07650208,1.019111,2.660081,0.003921569,0.6941177,0.6901961,0.9770219,0.3048274,0.08885515,0.9844505,6.583227,2.604061,0.2028002,92176,0.8895454,1.12417,0.9645877,0.6899554,0.7400842,2
0.2172543,0.1818182,0.1344411,0.0180744,1.045532,3.367546,0.07438017,0.4338843,0.3595041,0.9822717,0.3657153,0.1048286,0.9793872,6.678582,2.746922,0.1711542,77065,0.9737621,1.026945,0.9918658,0.4730906,0.7800101,2
0.539477,0.5137255,0.1818604,0.03307322,0.220663,2.021688,0.3176471,0.7960784,0.4784314,0.9468747,0.2249906,0.1669887,0.9388058,7.447386,2.675554,0.1917029,40960,0.977497,1.023021,0.990808,0.3309495,0.7914976,2
0.4007612,0.3984064,0.1318895,0.01739485,0.2342785,2.551362,0.2270916,0.5737052,0.3466136,0.9496877,0.2733364,0.1893536,0.9491255,7.03965,2.860757,0.1604891,51388,0.8969831,1.114848,0.9764199,0.7126477,0.7425582,2
0.4223445,0.3960784,0.200872,0.04034955,0.4250227,2.368345,0.172549,0.7176471,0.5450981,0.9367996,0.2000771,0.2112236,0.9499741,7.611125,2.626278,0.20431,30411,0.9384622,1.065573,0.9897803,0.6818936,0.7222143,2
0.1858497,0.155102,0.1395183,0.01946536,1.294479,5.365092,0.04081633,0.3836735,0.3428572,0.9778423,0.3777266,0.1125292,0.9778544,6.687395,2.796957,0.1653693,47943,0.9695881,1.031366,0.9887193,0.4582209,0.7826662,2
0.2161853,0.1847389,0.1122365,0.01259703,2.678975,11.67242,0.1325301,0.3333333,0.2008032,0.9539073,0.4003946,0.3692279,0.9329901,6.010527,2.923585,0.1503175,4439,0.9287158,1.076756,0.97539,0.6866598,0.7706597,1
0.3010421,0.3209876,0.1556265,0.02421961,0.1892601,3.318442,0.0781893,0.4814815,0.4032922,0.9512379,0.2743361,0.2895963,0.9371774,7.08715,2.536535,0.2141686,6715,0.8953334,1.116902,0.9844598,0.7978315,0.7461111,1
0.2016536,0.1686275,0.1478878,0.02187081,1.275828,5.103665,0.03921569,0.4,0.3607843,0.9675531,0.3238047,0.1627096,0.9754713,7.003342,2.623606,0.2028161,40724,0.8294074,1.20568,0.984147,0.8586692,0.6214084,2
0.2634247,0.2470588,0.1778314,0.031624,0.4154569,2.327065,0.04313726,0.5019608,0.4588235,0.9587884,0.2587209,0.1835778,0.9667053,7.238909,2.691605,0.188665,22827,0.8552293,1.169277,0.9651192,0.770587,0.6935136,3
0.02135336,0.003921569,0.04091056,0.001673674,5.580603,51.20423,0.003921569,0.05490196,0.05098039,0.9918784,0.510445,0.1441727,0.9810521,3.11655,2.261379,0.2992848,48905,0.6300519,1.587171,0.8087615,0.8627654,0.6096132,2
0.3842518,0.3882353,0.2724719,0.07424092,0.1814013,1.856437,0.02745098,0.7529412,0.7254902,0.9787015,0.2269248,0.078963,0.9845996,7.739848,2.749293,0.1741182,99896,0.7307318,1.368491,0.9088147,0.6000113,0.6691316,2
0.4651498,0.4666667,0.1699485,0.0288825,0.1771464,2.520596,0.2431373,0.6862745,0.4431373,0.9594735,0.2395923,0.1355946,0.9575846,7.444449,2.695392,0.188309,91774,0.9267944,1.078988,0.9803343,0.6076286,0.7779831,2
0.04745157,0.01574803,0.08051462,0.006482603,4.264392,24.12318,0.01181102,0.08267716,0.07086615,0.9932481,0.606766,0.04867298,0.9910159,3.929354,1.978503,0.391873,231619,0.9301351,1.075113,0.9752584,0.4654349,0.782814,1
0.2015315,0.1254902,0.1795572,0.03224079,1.440669,4.408795,0.03921569,0.4980392,0.4588235,0.9651126,0.3314362,0.1593605,0.9740707,6.940327,2.880007,0.1557544,31743,0.7976527,1.253678,0.9137306,0.3693976,0.6980779,1
0.5854677,0.5976096,0.1056056,0.01115253,-0.3501015,2.698308,0.434263,0.7131474,0.2788845,0.9613013,0.3605822,0.1596637,0.9250267,6.719942,2.876962,0.162572,15459,0.9885792,1.011553,0.9872278,0.279156,0.7507284,2
0.2088021,0.2043478,0.08895969,0.007913826,0.150039,2.956056,0.08695652,0.3217391,0.2347826,0.9749462,0.3248726,0.1250576,0.9789534,6.361864,2.730174,0.1796227,63568,0.8912166,1.122062,0.9663727,0.4768315,0.6970176,2
0.1970514,0.1921569,0.1297463,0.0168341,2.625014,15.83264,0.05882353,0.3058824,0.2470588,0.9764294,0.3484665,0.0845235,0.9848005,6.612308,2.889102,0.1540482,178601,0.8228702,1.215258,0.9427193,0.8005583,0.7473627,2
0.2932641,0.282353,0.09757349,0.009520586,1.454362,8.072243,0.1960784,0.3960784,0.2,0.9568633,0.3231881,0.1482555,0.9647743,6.477691,2.741483,0.1850123,47017,0.9000517,1.111047,0.991376,0.7609846,0.7633373,2
0.1940582,0.1882353,0.1250051,0.01562626,2.562133,16.01076,0.05882353,0.3019608,0.2431373,0.976662,0.3540615,0.09381817,0.9829423,6.582891,2.876048,0.1555652,176576,0.821074,1.217917,0.9407653,0.7957837,0.752601,2
0.2305849,0.2156863,0.1209679,0.01463323,1.287058,6.61164,0.09019608,0.372549,0.282353,0.9579815,0.2975774,0.216713,0.9568242,6.825821,2.669844,0.192229,27768,0.936035,1.068336,0.9837041,0.6830572,0.7673262,1
0.1666416,0.1583333,0.09880775,0.009762972,0.9193168,5.020468,0.04166667,0.2958333,0.2541667,0.96958,0.4298039,0.1634077,0.968545,6.474364,2.675113,0.1884025,54547,0.9269376,1.078821,0.9889407,0.6449191,0.7835524,3
0.3332202,0.3529412,0.1791015,0.03207736,0.1511178,2.607528,0.08235294,0.5411765,0.4588235,0.972561,0.2837214,0.1106808,0.9794746,7.316039,2.758225,0.1779261,104224,0.6662858,1.500858,0.8604167,0.6579716,0.5865364,3
0.1326827,0.120332,0.082679,0.006835817,2.690498,20.41278,0.05394191,0.2240664,0.1701245,0.981819,0.5516555,0.1211798,0.978205,5.977312,2.796898,0.1658521,76071,0.8580905,1.165378,0.977048,0.7998453,0.7729614,2
0.5066988,0.5176471,0.2000374,0.04001496,-0.03472077,2.173859,0.2235294,0.7686275,0.5450981,0.945567,0.2031839,0.1491617,0.9581336,7.61684,2.567913,0.2089102,20567,0.8380213,1.193287,0.974878,0.7252688,0.718548,1
0.4468133,0.4309624,0.133429,0.01780331,0.5080914,2.976722,0.2887029,0.6359833,0.3472803,0.9579962,0.3254658,0.1477621,0.9451328,6.989902,2.702196,0.1852409,62006,0.9538787,1.048351,0.991002,0.4732997,0.8186259,2
0.1844723,0.172549,0.08655395,0.007491585,2.833469,17.62509,0.1019608,0.2588235,0.1568628,0.9682252,0.4941221,0.2194323,0.9548393,6.070557,2.895624,0.1545654,22729,0.9275064,1.07816,0.9834285,0.6007456,0.8101586,2
0.1618774,0.1490196,0.08945949,0.008003,2.77336,17.47422,0.07450981,0.2431373,0.1686275,0.9803509,0.5224559,0.08955526,0.9833771,6.179462,2.763623,0.1757541,108774,0.9676908,1.033388,0.9938055,0.6026064,0.7811082,2
0.1865199,0.1619433,0.1150891,0.01324551,1.212238,4.769416,0.06072874,0.3441296,0.2834008,0.9675161,0.3852007,0.2174393,0.9571552,6.599288,2.879403,0.1582211,15350,0.9408841,1.06283,0.9810187,0.5472713,0.7857289,2
0.09673256,0.05490196,0.1229167,0.01510851,3.456003,17.11076,0.02352941,0.2078431,0.1843137,0.9881309,0.5225219,0.07861046,0.9871001,5.776542,2.805066,0.1652577,85472,0.9342909,1.07033,0.981523,0.628302,0.7398892,2
0.2398394,0.2137097,0.09660946,0.009333387,2.411473,13.21582,0.1532258,0.3508064,0.1975807,0.9481955,0.2945347,0.294839,0.9459442,6.167375,2.852676,0.1643931,7943,0.9480165,1.054834,0.9831662,0.6685922,0.7399161,1
0.1405445,0.1239669,0.08087377,0.006540568,2.884628,19.21984,0.0661157,0.2231405,0.1570248,0.9834945,0.5306688,0.1011616,0.9830089,5.909966,2.776951,0.1702151,86405,0.8308295,1.203616,0.953445,0.8164783,0.7478362,2
0.1735308,0.1574803,0.1039175,0.01079884,3.068468,19.88396,0.08110236,0.2716535,0.1905512,0.9597108,0.4213204,0.3496569,0.941473,6.317673,2.715343,0.1802411,10311,0.8823513,1.133335,0.9778094,0.809038,0.7391398,1
0.2168336,0.1843137,0.1095829,0.01200842,1.285808,4.825561,0.1058824,0.3764706,0.2705882,0.9849312,0.3464657,0.08278669,0.9876652,6.561278,2.726726,0.1764554,87677,0.7837788,1.27587,0.9764565,0.770034,0.6135635,2
0.3700193,0.3715415,0.09674397,0.009359395,0.6503692,5.379317,0.2490119,0.4782609,0.229249,0.9752344,0.4629899,0.0879227,0.9751255,6.568223,2.843154,0.1622422,118394,0.9517881,1.050654,0.9864933,0.5833305,0.7636352,2
0.08386148,0.02469136,0.1399404,0.01958331,2.760153,10.76906,0.01234568,0.255144,0.2427984,0.9810484,0.4394103,0.1412514,0.9804974,4.731206,2.575142,0.2192265,18190,0.8093305,1.235589,0.952805,0.8589318,0.6237997,1
0.2389283,0.2281879,0.08230263,0.006773723,0.7297153,3.790323,0.1409396,0.3489933,0.2080537,0.9479515,0.2849853,0.2843919,0.9487478,5.581218,2.855904,0.1609512,8199,0.9566822,1.045279,0.9810937,0.6431433,0.721235,2
0.2892577,0.2650602,0.1651358,0.02726982,0.6166903,2.983889,0.08433735,0.5180723,0.433735,0.9646536,0.2562044,0.1125667,0.9756635,7.288498,2.704374,0.1869308,160307,0.9651584,1.036099,0.9930065,0.5458313,0.7726383,2
0.2566937,0.2332016,0.08619005,0.007428726,2.470652,13.40545,0.1778656,0.3636364,0.1857708,0.948,0.2832897,0.2184062,0.9570289,6.029305,2.982709,0.1425382,15490,0.8658097,1.154988,0.9487934,0.5781575,0.7588301,2
0.4556221,0.4664032,0.13764,0.01894478,-0.5644493,3.939072,0.2806324,0.6126482,0.3320158,0.9449872,0.2563852,0.1879478,0.9417527,7.05107,2.767072,0.17744,17922,0.9721151,1.028685,0.989619,0.5703608,0.7577372,3
0.1403873,0.1190476,0.08869108,0.007866108,1.677281,6.615062,0.05555556,0.2579365,0.202381,0.9736553,0.4156754,0.2709906,0.9628887,6.149274,2.678969,0.1959857,9571,0.8003559,1.249444,0.982548,0.8891078,0.6084552,1
0.3325025,0.2897959,0.2227125,0.04960087,0.5903546,2.334305,0.06938776,0.6693878,0.6,0.966794,0.2228498,0.1401642,0.9715018,7.519915,2.703964,0.1900038,26741,0.9704591,1.03044,0.9911783,0.5786119,0.7446672,1
0.4806632,0.5333334,0.2679579,0.07180143,-0.26503,1.861618,0.05882353,0.8078431,0.7490196,0.9655299,0.1897979,0.1057531,0.9734958,7.827417,2.69206,0.1870502,151128,0.9207042,1.086125,0.9889281,0.7220445,0.762718,2
0.1197153,0.08730159,0.1119172,0.01252546,1.678315,7.300996,0.01587302,0.2738095,0.2579365,0.9829435,0.5050691,0.1085593,0.9780759,6.152655,2.689231,0.1882408,63693,0.9281677,1.077392,0.9806768,0.6035806,0.8030284,3
0.2748978,0.2666667,0.1058955,0.01121385,1.224386,8.471899,0.15,0.4,0.25,0.9593142,0.2970981,0.2451733,0.9496684,6.566529,2.761532,0.1766463,18641,0.9684502,1.032578,0.9911208,0.6236535,0.7388427,1
0.2106705,0.1372549,0.2150697,0.046255,1.420254,4.664391,0.01960784,0.5215687,0.5019608,0.978421,0.3167569,0.06488594,0.9898552,7.06461,2.793639,0.1684573,81008,0.8258822,1.210826,0.9545963,0.7364396,0.6528218,2
0.384978,0.3803922,0.1361811,0.01854529,0.3385036,3.665928,0.2196078,0.5529412,0.3333333,0.9639141,0.3205835,0.1903016,0.947008,7.131317,2.598793,0.2027033,49134,0.9402851,1.063507,0.9865274,0.6124298,0.7724015,2
0.3451316,0.3497942,0.1629001,0.02653644,0.1866596,2.505688,0.1234568,0.5555556,0.4320988,0.9633161,0.2456881,0.1242971,0.971024,7.269954,2.722696,0.1858125,77666,0.9643151,1.037006,0.9888467,0.5697662,0.7608644,3
0.1798071,0.173913,0.08895368,0.007912757,2.143381,12.24734,0.08300395,0.2608696,0.1778656,0.9730776,0.4674906,0.1773978,0.9691391,6.194712,2.884869,0.156324,22286,0.9561438,1.045868,0.9861062,0.5185618,0.7558676,2
0.3842986,0.374502,0.1385213,0.01918816,0.4790317,3.295078,0.2111554,0.5737052,0.3625498,0.9655274,0.3103312,0.1279055,0.9660155,7.114849,2.854713,0.1623476,67094,0.9195707,1.087464,0.9769927,0.6787042,0.7530529,2
0.06954022,0.05416667,0.07549959,0.005700188,3.290419,16.70814,0.0125,0.1291667,0.1166667,0.9901208,0.6140872,0.08719579,0.9832461,4.992261,2.588825,0.2151819,79914,0.8695857,1.149973,0.9716933,0.5696567,0.7950692,2
0.07576413,0.007843138,0.1756255,0.0308443,3.493797,15.27459,0.003921569,0.1843137,0.1803922,0.9790915,0.5023762,0.1538584,0.9761106,4.166595,2.238258,0.3002033,21860,0.9156179,1.092159,0.9644401,0.6438255,0.7235535,2
0.3058128,0.3003953,0.1506256,0.02268806,0.3406482,3.191163,0.09881423,0.4980237,0.3992095,0.9614211,0.2701781,0.2178829,0.9522477,7.227866,2.604719,0.1990921,33922,0.9459476,1.057141,0.9819371,0.3109881,0.7477571,2
0.2417794,0.2252964,0.07907631,0.006253063,2.407547,14.43909,0.1660079,0.3320158,0.1660079,0.9526706,0.3057959,0.2773251,0.9459513,6.006895,2.772453,0.172284,14385,0.9475935,1.055305,0.9832536,0.6170456,0.7653224,1
0.05666226,0.01209677,0.09983813,0.009967652,2.903808,13.03487,0.004032258,0.1935484,0.1895161,0.9893146,0.5683706,0.08172156,0.984894,4.416918,2.067701,0.367053,92324,0.9443501,1.058929,0.9835199,0.6236542,0.7816384,2
0.1079973,0.1008065,0.03925288,0.001540788,4.103234,32.3338,0.08064516,0.1451613,0.06451613,0.9918082,0.5933217,0.1175009,0.9806967,4.623985,2.751683,0.1725159,102418,0.6313917,1.583803,0.9250849,0.8874915,0.7439492,2
0.0651651,0.0511811,0.06361382,0.004046717,4.510026,29.5721,0.03149606,0.1062992,0.07480315,0.9931685,0.5238671,0.06512432,0.990745,4.583393,2.579997,0.2173106,129990,0.8589439,1.16422,0.9735329,0.7666777,0.668171,2
0.3171133,0.3,0.1461974,0.02137369,1.321217,5.308253,0.156,0.512,0.356,0.965759,0.2921299,0.1245247,0.9708159,6.924908,2.844664,0.1643071,64558,0.9049013,1.105093,0.980082,0.7654743,0.760293,2
0.1490764,0.09638554,0.1270114,0.0161319,1.781874,7.76705,0.04016064,0.3413655,0.3012048,0.9789438,0.3831591,0.2044406,0.9717495,6.340579,2.74395,0.1779078,19361,0.7937367,1.259864,0.9723771,0.8794202,0.5750223,1
0.1872828,0.1784232,0.07285759,0.005308228,1.660069,12.73595,0.1037344,0.2738589,0.1701245,0.9556558,0.4109808,0.2633421,0.9511227,6.022301,2.733104,0.1797035,18425,0.9898826,1.010221,0.9917644,0.3376513,0.7728608,2
0.2813975,0.2386831,0.1314371,0.01727572,2.027517,7.552174,0.1728395,0.4567901,0.2839506,0.9444228,0.2562685,0.2760704,0.9475235,6.446263,2.804859,0.1698201,12732,0.8991147,1.112205,0.9820285,0.716553,0.736422,1
0.4074467,0.4008097,0.1404022,0.01971278,0.2171589,2.271573,0.2226721,0.5991903,0.3765182,0.9536014,0.2686388,0.1609432,0.9521132,7.098048,2.714252,0.1813836,62383,0.980557,1.019829,0.9917964,0.4643269,0.7873162,2
0.1910647,0.1570248,0.1651075,0.02726047,1.081553,3.791773,0.02066116,0.4297521,0.4090909,0.9716693,0.3560377,0.1579293,0.9673252,6.774188,2.720192,0.1764383,68689,0.9749088,1.025737,0.994988,0.5200289,0.7987558,2
0.1303952,0.116,0.06294126,0.003961602,6.004038,50.38531,0.1,0.148,0.048,0.9876756,0.5533295,0.1409281,0.9775169,4.479701,2.916309,0.1477067,40028,0.910565,1.098219,0.9874192,0.7412696,0.7303047,2
0.1429098,0.1098039,0.1104019,0.01218859,2.613765,12.33174,0.05098039,0.2588235,0.2078431,0.9773028,0.4692565,0.1800736,0.9712679,6.249984,2.851786,0.1604373,20133,0.8168626,1.224196,0.9245924,0.6457838,0.7216129,1
0.05006576,0.02352941,0.06933176,0.004806892,3.222836,19.272,0.003921569,0.1294118,0.1254902,0.9918788,0.635468,0.07548679,0.985572,4.852614,2.229135,0.3166505,119139,0.9016619,1.109063,0.9703928,0.7081568,0.7939212,2
0.3124336,0.2941177,0.0840752,0.007068639,1.753598,8.67233,0.2352941,0.4196078,0.1843137,0.9652354,0.3992751,0.2036393,0.9583573,6.118526,2.879255,0.1562948,8184,0.5724975,1.746732,0.8166035,0.914489,0.4887721,2
0.2332357,0.2196078,0.1310021,0.01716155,1.573453,7.726676,0.08235294,0.372549,0.2901961,0.9739529,0.3000725,0.1018339,0.9818867,6.863127,2.908019,0.1533516,130872,0.9034121,1.106915,0.981918,0.7284986,0.7147101,2
0.3100007,0.2862745,0.1341325,0.01799152,0.8560085,3.86717,0.1607843,0.4901961,0.3294118,0.9538583,0.2617437,0.2060765,0.9571687,6.993062,2.686242,0.1925812,23449,0.9194528,1.087603,0.9760656,0.7027262,0.7318664,1
0.226072,0.2103175,0.08594391,0.007386357,3.118555,21.0004,0.1507937,0.3134921,0.1626984,0.9475933,0.3212124,0.3353561,0.9377392,5.986725,2.828633,0.1673021,7332,0.9927273,1.007326,0.9890733,0.5942791,0.7566563,1
0.09364901,0.05511811,0.105525,0.01113553,3.134648,15.66479,0.02362205,0.2125984,0.1889764,0.986735,0.5366403,0.08194741,0.9856626,5.647934,2.752565,0.1728603,95327,0.9194111,1.087653,0.9861788,0.5882318,0.7628113,2
0.3450477,0.3373984,0.2395017,0.05736106,0.1558778,1.870209,0.0203252,0.6747968,0.6544715,0.9667117,0.2235364,0.1180689,0.9765301,7.394166,2.717636,0.1824998,70699,0.8034215,1.244677,0.9758586,0.867441,0.6878071,1
0.2250064,0.1967871,0.139579,0.01948229,1.119539,4.730627,0.06425703,0.4136546,0.3493976,0.9581086,0.3113083,0.1875626,0.9616184,6.948002,2.75224,0.1790227,21242,0.9376491,1.066497,0.9865775,0.6122029,0.7851704,1
0.2045448,0.1778656,0.1146047,0.01313425,2.220559,9.966388,0.1027668,0.3201581,0.2173913,0.9710602,0.3751845,0.166761,0.9735587,6.47064,2.667044,0.1940516,45792,0.82644,1.210009,0.9626639,0.8256413,0.6977722,2
0.2131083,0.2117647,0.06316678,0.003990042,0.8704811,9.355358,0.1333333,0.2901961,0.1568628,0.9671891,0.329467,0.16772,0.972413,6.000029,2.861202,0.1602412,56088,0.7336434,1.36306,0.9106082,0.7822617,0.6944678,2
0.189709,0.1137255,0.1853496,0.03435447,1.005248,3.177903,0.02352941,0.4627451,0.4392157,0.968635,0.3197469,0.1125914,0.979738,6.704525,2.726187,0.1768873,39628,0.9544226,1.047754,0.9887226,0.5439131,0.7400187,2
0.2549809,0.2431373,0.09029029,0.008152336,0.6485274,4.003575,0.145098,0.3803922,0.2352941,0.9709093,0.2976176,0.1226902,0.9775301,6.506092,2.733139,0.1790605,103244,0.8824972,1.133148,0.9764134,0.7926284,0.6998692,2
0.2015134,0.1975807,0.0606088,0.003673427,1.108559,11.02761,0.1290323,0.2782258,0.1491936,0.9694862,0.3623089,0.2111739,0.9694836,5.874557,2.841015,0.1680972,15810,0.8315157,1.202623,0.9521802,0.7284905,0.6229314,1
0.1946435,0.1333333,0.1837561,0.03376629,1.453993,5.071207,0.02352941,0.454902,0.4313726,0.979916,0.3519607,0.07656562,0.9889471,7.042739,2.80011,0.1694007,54229,0.7197577,1.389356,0.9325228,0.8836851,0.5596215,2
0.1914651,0.1176471,0.1720804,0.02961165,1.696564,5.374124,0.05882353,0.454902,0.3960784,0.9724425,0.37348,0.1508799,0.9745599,6.650545,2.697155,0.1862438,22212,0.751048,1.331473,0.9168662,0.8529875,0.7308502,1
0.2083774,0.2078431,0.07210448,0.005199056,0.3701642,4.71244,0.1137255,0.2941177,0.1803922,0.9650536,0.3296216,0.153094,0.972281,6.206592,2.759798,0.1750962,84771,0.863358,1.158268,0.9622243,0.6513199,0.7404874,2
0.08804847,0.0627451,0.09251174,0.008558422,3.942264,22.29039,0.03137255,0.1568628,0.1254902,0.9853205,0.5559188,0.09042777,0.9845385,5.376384,2.832845,0.1598845,53000,0.9284706,1.07704,0.9843433,0.7039842,0.7568401,2
0.1963481,0.1666667,0.1350085,0.01822731,0.9700823,3.615226,0.04761905,0.3888889,0.3412699,0.9633734,0.3443273,0.1911193,0.9612683,6.877522,2.650296,0.1938214,21710,0.9707518,1.030129,0.9848038,0.3592016,0.7883079,1
0.2687034,0.1490196,0.2454747,0.06025781,1.220784,3.293826,0.06666667,0.6784314,0.6117647,0.9689043,0.3022147,0.1217843,0.9810007,7.172681,2.697343,0.1881393,17741,0.8654472,1.155472,0.9771425,0.8224027,0.6477891,1
0.2097751,0.1910569,0.09235837,0.008530068,1.344302,6.302119,0.1138211,0.3333333,0.2195122,0.964756,0.3585695,0.1792318,0.9663247,6.355853,2.729075,0.1812984,29742,0.8762432,1.141236,0.9637094,0.6655808,0.7646545,2
0.1590531,0.1603376,0.1119749,0.01253839,0.6868141,3.545343,0.01687764,0.2995781,0.2827004,0.9570973,0.3824932,0.3250161,0.9463495,6.410008,2.835135,0.1630862,9103,0.8122125,1.231205,0.9691259,0.8493391,0.7224603,1
0.2279862,0.2196078,0.07984965,0.006375967,1.494954,10.11967,0.1372549,0.3215686,0.1843137,0.9707215,0.3339784,0.1564922,0.9766821,6.241501,2.684003,0.1897157,21841,0.7095745,1.409295,0.915343,0.9012421,0.5454251,1
0.1971314,0.1490196,0.1488342,0.02215163,1.389838,4.747499,0.05098039,0.4235294,0.372549,0.9743544,0.3858538,0.1287142,0.9722037,6.835317,2.793029,0.1681949,43603,0.9306145,1.074559,0.981276,0.6734494,0.8145526,2
0.0870096,0.04115226,0.1134971,0.01288159,2.5692,10.31594,0.01234568,0.2139918,0.2016461,0.991556,0.4826227,0.06090469,0.9910643,5.542243,2.713761,0.1812496,144712,0.8747632,1.143167,0.9858975,0.7080685,0.6775382,2
0.2784931,0.28,0.1171155,0.01371603,0.8352826,5.87489,0.132,0.416,0.284,0.974572,0.311716,0.1415538,0.973444,6.759388,2.842751,0.1633426,50598,0.8119262,1.231639,0.9588039,0.6269858,0.6772587,2
0.4098482,0.4078431,0.2197633,0.04829591,0.2659476,2.854365,0.09019608,0.6862745,0.5960785,0.9269975,0.192055,0.2499868,0.9394329,7.678792,2.489893,0.2213467,8805,0.7286867,1.372332,0.9541612,0.9086572,0.7491704,1
0.2292771,0.2196078,0.08832099,0.007800598,1.520354,10.3483,0.1333333,0.3333333,0.2,0.9714806,0.3146778,0.1113388,0.9787372,6.385703,2.848069,0.1601403,157372,0.5051572,1.979582,0.8823625,0.6617061,0.7499547,2
0.08709483,0.01568628,0.1267368,0.01606222,2.494329,11.28878,0.003921569,0.227451,0.2235294,0.9881684,0.4872766,0.046808,0.992924,4.82388,2.360092,0.264561,115828,0.8233578,1.214539,0.9594129,0.5778178,0.6969529,2
0.3578367,0.340081,0.1175241,0.01381191,0.8679494,4.709047,0.2348178,0.5060729,0.271255,0.9703861,0.3556479,0.1215398,0.9732511,6.797526,2.741814,0.1813107,69203,0.7611474,1.313806,0.9483241,0.8840054,0.623872,2
0.3467491,0.3137255,0.1467129,0.02152468,1.228024,4.874094,0.2,0.5294118,0.3294118,0.9496171,0.2813144,0.2248337,0.9581094,6.944766,2.719214,0.1858118,8919,0.6772636,1.47653,0.9501438,0.9230649,0.5868921,1
0.1187873,0.101626,0.09268031,0.008589638,2.879471,17.09418,0.0406504,0.2235772,0.1829268,0.9878787,0.4627488,0.1020584,0.985965,6.026412,2.764275,0.1707281,54354,0.8342862,1.198629,0.9576448,0.8049917,0.6290171,2
0.3718801,0.3686275,0.1197397,0.0143376,1.29001,8.665932,0.2313726,0.4980392,0.2666667,0.9602252,0.3604604,0.2333067,0.9437073,6.751977,2.581207,0.2078765,8325,0.8646991,1.156472,0.9736842,0.7208032,0.7069463,2
0.3707893,0.3478261,0.1362969,0.01857685,0.4287185,2.531445,0.2055336,0.5652174,0.3596838,0.9637899,0.2724804,0.1304041,0.9672777,7.064913,2.8304,0.1668181,96691,0.9172639,1.090199,0.9849142,0.7187669,0.7453192,2
0.2755171,0.2570281,0.0993587,0.009872151,3.127225,18.35813,0.188755,0.373494,0.1847389,0.939214,0.2778645,0.4646081,0.9042562,6.092144,2.942824,0.148376,4563,0.937937,1.06617,0.9789745,0.7221431,0.7455882,1
0.1376498,0.08235294,0.1463035,0.02140472,2.220737,8.581176,0.02745098,0.3294118,0.3019608,0.9825082,0.4211907,0.08469684,0.987532,6.359251,2.79663,0.1655051,38683,0.8133253,1.22952,0.9345977,0.7730047,0.6652393,2
0.1645078,0.145098,0.08564436,0.007334957,2.40383,14.11794,0.08627451,0.2627451,0.1764706,0.9693912,0.4875674,0.208453,0.959231,6.126135,2.730292,0.179806,26029,0.8747194,1.143224,0.9567375,0.6947761,0.7946815,2
0.1543354,0.09803922,0.1489678,0.02219141,1.801909,6.578781,0.02745098,0.3686275,0.3411765,0.985682,0.4083125,0.07347477,0.9881649,6.654726,2.784038,0.1672524,118860,0.8913471,1.121897,0.9728588,0.7275748,0.7109532,2
0.3192711,0.307377,0.09823169,0.009649465,0.8605589,4.562364,0.2090164,0.4467213,0.2377049,0.9506273,0.3260448,0.2114623,0.9540697,6.530682,2.62536,0.1944387,14808,0.8936809,1.118968,0.9882541,0.7908736,0.6896423,1
0.09782455,0.04313726,0.1121496,0.01257754,1.578221,4.957434,0.01176471,0.282353,0.2705882,0.9889017,0.4390305,0.0731082,0.9890358,5.752405,2.642513,0.1938453,85733,0.9052574,1.104658,0.9773484,0.2900972,0.678407,2
0.2110437,0.1908714,0.1128346,0.01273164,1.257573,5.268607,0.08713693,0.3485477,0.2614108,0.9500332,0.325882,0.2580253,0.9495717,6.550861,2.7644,0.1756777,8623,0.9448235,1.058399,0.9794412,0.4765374,0.7768468,1
0.1104897,0.08300395,0.104919,0.01100799,1.828009,9.055099,0.01185771,0.2411067,0.229249,0.9765797,0.5158296,0.1858702,0.9662943,6.112404,2.760351,0.1708626,23745,0.9652996,1.035948,0.9888394,0.6188501,0.7737804,1
0.5113693,0.5226337,0.1203267,0.0144785,-0.1263793,3.235806,0.345679,0.6502058,0.3045267,0.9459818,0.2801693,0.2299268,0.9082813,6.854435,2.944474,0.1490395,13538,0.9976395,1.002366,0.990199,0.3852283,0.7771527,2
0.07090872,0.007843138,0.1615007,0.02608246,3.590216,16.43732,0.003921569,0.1803922,0.1764706,0.97677,0.5176798,0.1676292,0.9726567,4.282967,2.395061,0.270846,20484,0.8882803,1.125771,0.942313,0.6169174,0.7437909,2
0.277247,0.2705882,0.129978,0.01689428,0.5050419,3.579665,0.1137255,0.4431373,0.3294118,0.9669005,0.2909971,0.1023226,0.9821602,7.040417,2.632176,0.2039948,86640,0.7087734,1.410888,0.944264,0.8656573,0.6201329,2
0.1871309,0.172549,0.1184203,0.01402338,1.326893,6.186337,0.05882353,0.3294118,0.2705882,0.96823,0.3482863,0.1570663,0.9736357,6.705256,2.627485,0.1992932,37436,0.9343483,1.070265,0.9855729,0.7101516,0.7159304,1
0.3271592,0.3385827,0.0994444,0.009889187,-0.3774233,3.881412,0.1889764,0.4409449,0.2519685,0.9807454,0.426635,0.1021719,0.9735767,6.616292,2.766367,0.1747002,114462,0.9273054,1.078393,0.9875842,0.7234619,0.7687018,2
0.281008,0.2392157,0.2402002,0.05769613,0.5173688,2.090141,0.007843138,0.6431373,0.6352941,0.9494113,0.2334018,0.2597488,0.9519382,7.2333,2.911831,0.1534891,14174,0.7932992,1.260558,0.9139209,0.8261543,0.7126911,2
0.1453703,0.1372549,0.07346404,0.005396966,2.761921,18.68223,0.07450981,0.2196078,0.145098,0.9877074,0.4726134,0.09298918,0.9872646,5.940781,2.756572,0.1733582,77657,0.6604639,1.514087,0.8821151,0.7651506,0.6298216,2
0.4025005,0.3882353,0.1422218,0.02022704,0.4821648,3.631788,0.2392157,0.5921569,0.3529412,0.9525931,0.3308946,0.1709982,0.942355,7.163379,2.656687,0.1941121,21710,0.9351808,1.069312,0.9713212,0.6186703,0.8261035,1
0.2869115,0.28,0.09319092,0.008684547,0.7907192,4.824473,0.176,0.404,0.228,0.9629468,0.3116432,0.1439601,0.9681529,6.523313,2.685683,0.1896501,65673,0.9162808,1.091368,0.9837031,0.6104112,0.7502656,2
0.1176833,0.05882353,0.1495807,0.0223744,2.593938,9.830223,0.02745098,0.3098039,0.282353,0.9709162,0.4897296,0.1891297,0.9652176,5.917351,2.715174,0.1804378,10498,0.9712597,1.029591,0.9859129,0.6138109,0.7822652,2
0.3914722,0.4,0.1152071,0.01327267,-0.08062597,4.086702,0.2392157,0.5176471,0.2784314,0.9569411,0.3512109,0.2511317,0.934152,6.824779,2.690295,0.193336,10281,0.7492341,1.334696,0.9728425,0.8977927,0.7363558,1
0.1101228,0.092,0.06264272,0.00392411,3.41002,27.71276,0.06,0.18,0.12,0.9894944,0.5423595,0.114587,0.9826863,5.450091,2.820096,0.1608274,59870,0.9306527,1.074515,0.9845744,0.6342095,0.7048505,2
0.1665732,0.1497976,0.08760845,0.007675241,1.20608,5.86283,0.07287449,0.2874494,0.2145749,0.9611813,0.3700134,0.3756686,0.9468489,6.217823,2.701851,0.1836511,5746,0.7532951,1.327501,0.9080278,0.8463821,0.6186477,1
0.259753,0.2295082,0.1237688,0.01531872,1.393494,5.344751,0.1311475,0.4262295,0.295082,0.9732732,0.3061485,0.08333371,0.9810383,6.707039,2.707354,0.1812406,159142,0.8934852,1.119213,0.9861688,0.7672421,0.808369,1
0.1065586,0.03952569,0.1548653,0.02398326,2.377742,8.81952,0.01185771,0.3162055,0.3043478,0.9894063,0.4216123,0.06558349,0.9909749,5.489259,2.375058,0.2662002,161638,0.8133203,1.229528,0.9608213,0.7936159,0.6038118,2
0.3209683,0.2980392,0.1296389,0.01680624,0.9369367,4.228253,0.1764706,0.4980392,0.3215686,0.9617157,0.2805478,0.1178175,0.9754179,6.985637,2.738112,0.1839604,190914,0.7026342,1.423216,0.8965877,0.8008701,0.6997032,2
0.1345273,0.1147541,0.08604635,0.007403974,2.703203,13.49879,0.06147541,0.2172131,0.1557377,0.9818423,0.5176427,0.1549782,0.9746937,5.871099,2.768526,0.1703052,25067,0.9623138,1.039162,0.9924774,0.6688954,0.7365282,2
0.288232,0.2806324,0.1001849,0.01003701,0.642396,4.855676,0.1818182,0.4071146,0.2252964,0.9672048,0.3258505,0.1291222,0.9695814,6.582567,2.651286,0.1960062,91261,0.8367571,1.19509,0.9646326,0.7040026,0.7649065,2
0.3220688,0.3098039,0.09446912,0.008924415,1.433128,9.150709,0.2196078,0.4392157,0.2196078,0.9694214,0.3914432,0.1115668,0.9723603,6.491062,2.731951,0.1799657,85883,0.9183004,1.088968,0.9934872,0.7363062,0.7503058,2
0.1557871,0.1294118,0.09584229,0.009185744,2.384538,12.78854,0.07058824,0.2627451,0.1921569,0.9817761,0.4591858,0.1083265,0.9821736,6.213982,2.835598,0.1625634,95297,0.8876774,1.126535,0.9710708,0.5266956,0.7313885,2
0.3450623,0.3346457,0.09230792,0.008520751,0.6558729,4.544299,0.2362205,0.4645669,0.2283465,0.9682125,0.4306943,0.1153299,0.9675413,6.549387,2.743979,0.18094,120559,0.8814214,1.134531,0.9784362,0.6987374,0.7709756,2
0.3589574,0.3155738,0.1746076,0.03048781,0.5577067,2.134805,0.1680328,0.6188524,0.4508197,0.9744692,0.2304944,0.09980401,0.9786497,7.129519,2.869839,0.1585433,127039,0.9617937,1.039724,0.9912067,0.5976027,0.737022,2
0.09257113,0.05263158,0.1290158,0.01664507,3.494018,17.59769,0.01214575,0.2105263,0.1983806,0.9705691,0.5406933,0.2505557,0.9525912,5.492196,2.678745,0.1811239,13192,0.9348319,1.069711,0.9819129,0.3402482,0.7929314,2
0.2279734,0.2117647,0.1460121,0.02131952,0.7874075,3.517744,0.05490196,0.427451,0.372549,0.9708536,0.3180068,0.1194773,0.9727206,7.070234,2.727664,0.1796096,157372,0.9658621,1.035344,0.9942382,0.3510461,0.8131407,2
0.2597065,0.2196078,0.1665602,0.02774229,1.645814,6.849732,0.09411765,0.4823529,0.3882353,0.9391021,0.2634857,0.3308783,0.9343803,7.04499,2.764116,0.1761807,11832,0.9595739,1.042129,0.986987,0.6762816,0.771518,2
0.1135312,0.08627451,0.1156278,0.0133698,3.680483,21.75632,0.02745098,0.2156863,0.1882353,0.9818747,0.5656595,0.1317635,0.9744949,6.066947,2.763407,0.1709927,37975,0.9564891,1.04549,0.9839357,0.471357,0.7989355,2
0.1660686,0.1474104,0.08458262,0.00715422,1.79471,9.798197,0.09163347,0.2749004,0.1832669,0.9782259,0.4229489,0.1625811,0.9757844,6.132513,2.739033,0.178215,31409,0.5909416,1.692215,0.8810626,0.7450036,0.6731173,2
0.1006075,0.0627451,0.1114938,0.01243087,3.405568,19.34173,0.02745098,0.2235294,0.1960784,0.9852844,0.5497105,0.07891076,0.9852604,5.836398,2.816673,0.1622195,72897,0.8863055,1.128279,0.9668807,0.6866134,0.7857905,2
0.1112227,0.08606558,0.08734126,0.007628496,2.285343,9.603883,0.03688525,0.2213115,0.1844262,0.9892684,0.4611742,0.07828692,0.9892924,5.851158,2.777716,0.1707791,99048,0.793265,1.260613,0.9542932,0.8277972,0.6227906,2
0.1491326,0.1422925,0.06660011,0.004435574,3.449115,27.19345,0.08695652,0.2055336,0.1185771,0.9850768,0.5756989,0.1461723,0.9730416,5.652292,2.936428,0.146881,44222,0.9123265,1.096099,0.9734954,0.5674531,0.7821366,2
0.3472234,0.3411765,0.08497702,0.007221093,1.060956,7.346566,0.2470588,0.4470588,0.2,0.9778772,0.4887162,0.09900545,0.9718422,6.391813,2.729783,0.1798938,81107,0.9618596,1.039653,0.994885,0.6619645,0.7663171,2
0.1426801,0.09019608,0.1435121,0.02059573,1.716911,7.129395,0.01568628,0.3215686,0.3058824,0.9891154,0.3953696,0.08044744,0.9873476,6.397214,2.656721,0.1869255,107702,0.7788029,1.284022,0.9273623,0.7552733,0.6916477,2
0.3626097,0.3464567,0.1185104,0.01404471,1.164834,6.322318,0.2401575,0.496063,0.2559055,0.9715199,0.3714803,0.09638667,0.9777407,6.80766,2.825613,0.1679731,42935,0.8002936,1.249542,0.9527138,0.7817592,0.6636525,3
0.2645976,0.247012,0.1249912,0.0156228,1.019644,4.487479,0.12749,0.4302789,0.3027889,0.9677112,0.2854732,0.1631214,0.967094,6.851851,2.670631,0.1882793,33763,0.7382562,1.354543,0.9303152,0.7364056,0.7497224,2
0.2329875,0.2117647,0.1880979,0.03538084,0.7058598,2.89907,0.02352941,0.4941176,0.4705882,0.9650266,0.2776991,0.1411998,0.972867,7.027522,2.711684,0.1821693,34537,0.8689943,1.150756,0.9710132,0.7061449,0.7480398,2
0.3308475,0.3508064,0.173832,0.03021755,-0.02501758,2.236146,0.08467742,0.5443549,0.4596774,0.9563863,0.239118,0.1983353,0.9508405,7.318881,2.685167,0.1929805,30112,0.9802787,1.020118,0.9921582,0.4856821,0.795982,2
0.201498,0.1647059,0.1371372,0.01880662,1.101936,4.319461,0.05490196,0.3960784,0.3411765,0.9783307,0.3395612,0.1142755,0.9804349,6.897088,2.821563,0.1641927,64524,0.8469216,1.180747,0.9482548,0.6403274,0.7163603,2
0.21973,0.2117647,0.1086556,0.01180605,1.183626,6.722102,0.09803922,0.3490196,0.2509804,0.9519224,0.2940049,0.2296331,0.9607912,6.691265,2.749665,0.1794933,21416,0.8917478,1.121393,0.9774086,0.730613,0.7031322,3
0.464816,0.4645669,0.1318837,0.01739331,0.2278977,3.254568,0.2992126,0.6259843,0.3267716,0.9622125,0.2752884,0.1582657,0.9514687,7.080771,2.899528,0.1561459,57258,0.868843,1.150956,0.9517936,0.569693,0.722052,2
0.2108959,0.1568628,0.1711682,0.02929856,2.217196,8.18242,0.07450981,0.4235294,0.3490196,0.9820969,0.367571,0.07193871,0.9887683,6.714116,2.768419,0.17138,93989,0.5684267,1.759242,0.8605396,0.9240887,0.6879593,2
0.1320488,0.09561753,0.1277198,0.01631234,2.147099,9.735224,0.01992032,0.2868526,0.2669323,0.9857565,0.4462903,0.08080436,0.9871671,6.358814,2.746277,0.1742325,59671,0.9283109,1.077225,0.9899136,0.6939943,0.7124895,1
0.3860161,0.3764706,0.09496199,0.009017779,1.588788,8.415233,0.282353,0.4862745,0.2039216,0.9599687,0.4355752,0.2306214,0.9411287,6.39138,2.858374,0.1643918,6533,0.8288302,1.20652,0.9651352,0.7592453,0.6835112,1
0.1979213,0.1895161,0.07847442,0.006158235,1.378034,7.237934,0.1129032,0.2862903,0.1733871,0.9587529,0.3702976,0.2629289,0.9548302,6.167599,2.794076,0.1720385,16510,0.7627871,1.310982,0.9669107,0.8801506,0.6920691,2
0.09002521,0.06122449,0.1079696,0.01165744,3.206575,15.44371,0.0122449,0.1959184,0.1836735,0.987453,0.5607154,0.08378481,0.984475,5.35723,2.648595,0.1959078,122171,0.8723816,1.146287,0.9730244,0.2781658,0.7830219,2
0.1314061,0.1058824,0.07808573,0.006097381,2.558913,15.46899,0.06666667,0.227451,0.1607843,0.9829836,0.4879988,0.1577608,0.9759257,5.827107,2.883417,0.1568718,28233,0.8940355,1.118524,0.966321,0.7229773,0.7019293,2
0.0869685,0.06746032,0.07987913,0.006380676,3.346434,20.68574,0.01984127,0.1587302,0.1388889,0.992247,0.5765858,0.05467801,0.9906831,5.693171,2.809355,0.1658659,219332,0.8975348,1.114163,0.9758759,0.6155636,0.7556033,2
0.3384521,0.3359684,0.05683292,0.003229981,1.451263,14.56629,0.2727273,0.3992095,0.1264822,0.9704279,0.5785754,0.2743833,0.9134709,5.748268,3.035547,0.1366522,8140,0.6979067,1.432856,0.9582107,0.933294,0.7878436,2
0.153932,0.1285141,0.1052205,0.01107135,2.741462,12.38999,0.07630522,0.2610442,0.1847389,0.9898378,0.508179,0.04760088,0.9917349,6.005372,2.849361,0.1573786,173852,0.9318016,1.07319,0.9799503,0.5130929,0.757205,2
0.2891984,0.2862903,0.1155999,0.01336334,1.361747,7.781593,0.1491936,0.4193548,0.2701613,0.9534981,0.2926291,0.335422,0.9363394,6.629693,2.665994,0.1928481,5746,0.727417,1.374727,0.9768786,0.9134929,0.6645848,1
0.1118688,0.048,0.1519209,0.02307997,2.455263,9.8504,0.012,0.292,0.28,0.9840235,0.480172,0.08258653,0.9855024,5.600824,2.534744,0.2278117,64406,0.9739851,1.02671,0.9933219,0.5896687,0.7620929,2
0.3176302,0.3031496,0.09118541,0.008314778,2.241946,13.1536,0.2283465,0.4173228,0.1889764,0.9536873,0.3986448,0.2781351,0.9336539,6.224554,2.958274,0.1472024,6582,0.8513936,1.174545,0.9712262,0.8120599,0.717306,2
0.3947051,0.3803922,0.1623834,0.02636837,0.676125,3.56057,0.192549,0.6,0.407451,0.9500212,0.2548669,0.151883,0.9585064,7.32697,2.686846,0.1923365,43076,0.9373173,1.066875,0.9860141,0.6825825,0.7821476,2
0.2603102,0.2392157,0.1167082,0.01362079,1.242607,5.903843,0.1333333,0.4117647,0.2784314,0.9649076,0.2803008,0.1567331,0.9711888,6.781604,2.699385,0.1884149,85748,0.6418403,1.55802,0.9235608,0.8817259,0.7074217,2
0.1449131,0.1102362,0.1309744,0.01715428,2.360687,11.25898,0.03149606,0.2992126,0.2677165,0.9813702,0.4330955,0.08968799,0.9852543,6.445225,2.721942,0.1774513,52476,0.8787453,1.137986,0.9772249,0.6302807,0.7283478,2
0.04760732,0.025,0.0693901,0.004814986,6.038764,57.51247,0.0125,0.09166667,0.07916667,0.989468,0.6153407,0.1228218,0.9782169,4.254368,2.170142,0.3316868,54759,0.9325801,1.072294,0.9888759,0.6473067,0.7729955,2
0.445961,0.4448819,0.1249388,0.01560971,0.06633038,2.498064,0.2795275,0.6102362,0.3307087,0.9715378,0.3005467,0.1108093,0.9668185,7.015412,2.771575,0.1767907,123091,0.8149801,1.227024,0.9584585,0.8367505,0.7286423,2
0.2268086,0.1921569,0.1409093,0.01985542,0.9022209,3.839356,0.07058824,0.4313726,0.3607843,0.9665544,0.3025426,0.1625997,0.9733977,7.022123,2.710875,0.1885282,32385,0.8575392,1.166127,0.9741901,0.8110632,0.6704969,1
0.08363663,0.02479339,0.1405668,0.01975903,2.785302,10.82858,0.01280992,0.2561983,0.2433884,0.9811091,0.4407867,0.1461743,0.9797609,4.769037,2.60347,0.2115059,18066,0.8115492,1.232211,0.9553675,0.8590294,0.6272917,1
0.4690416,0.4666667,0.1269766,0.01612306,0.2266797,2.52601,0.3098039,0.6392157,0.3294118,0.974982,0.3032444,0.08454647,0.9727812,7.01206,2.816003,0.1672031,76398,0.8598278,1.163024,0.9745513,0.8033637,0.7272121,2
0.1978073,0.1529412,0.1780178,0.03169032,1.294551,4.995002,0.01960784,0.4313726,0.4117647,0.9751161,0.3410351,0.08135931,0.9833491,6.970744,2.822795,0.1628984,86750,0.9153883,1.092433,0.9862662,0.7522476,0.7931936,2
0.3264378,0.3181818,0.07291415,0.005316474,1.130882,8.623489,0.2438017,0.4173554,0.1735537,0.9637781,0.4720155,0.2590533,0.9287928,6.073916,2.784736,0.1740037,7821,0.8933099,1.119432,0.9805667,0.7957454,0.7615384,1
0.4395152,0.4538153,0.1925526,0.03707649,-0.1182365,1.875297,0.1807229,0.6827309,0.502008,0.9643157,0.2277369,0.163192,0.9534,7.471002,2.637246,0.1961951,58905,0.9833745,1.016907,0.9925355,0.4792502,0.7946283,2
0.2522676,0.2352941,0.1176857,0.01384992,1.267166,6.161575,0.1176471,0.3960784,0.2784314,0.9743446,0.2893458,0.115142,0.9779803,6.773243,2.717451,0.1787261,172085,0.8830025,1.1325,0.975793,0.5460691,0.7351232,2
0.1776189,0.1083333,0.18365,0.03372733,1.759989,5.358194,0.03333334,0.475,0.4416667,0.9701792,0.4157204,0.1445976,0.9724816,6.68078,2.789814,0.1700296,33002,0.8966174,1.115303,0.9776632,0.7720937,0.7889176,2
0.1322366,0.08235294,0.1492794,0.02228433,3.457285,15.8871,0.05098039,0.254902,0.2039216,0.9875835,0.5171316,0.04910748,0.9914401,5.6961,2.859943,0.1571465,149837,0.895181,1.117093,0.9774932,0.7530207,0.7669789,2
0.1126024,0.08764941,0.0839894,0.00705422,2.371809,14.42623,0.03585657,0.2191235,0.1832669,0.9810932,0.5431248,0.1831851,0.9668046,5.959385,2.778849,0.1720522,27401,0.9383194,1.065735,0.9845496,0.6126674,0.774959,1
0.1616202,0.1254902,0.1094015,0.01196869,2.434897,11.79023,0.07843138,0.3058824,0.227451,0.983496,0.4301725,0.09659086,0.9847488,6.163857,2.85492,0.158338,162471,0.9043813,1.105728,0.9924984,0.7102196,0.7062728,2
0.2229095,0.2078431,0.09206697,0.008476327,1.524879,7.617494,0.1254902,0.3372549,0.2117647,0.9628763,0.3176505,0.1607435,0.972914,6.397812,2.741618,0.1806755,42174,0.8410855,1.18894,0.9553084,0.7604172,0.7040265,2
0.1674495,0.1210762,0.185543,0.03442619,1.777088,5.810102,0.01345291,0.4349776,0.4215247,0.9880224,0.3915316,0.05790867,0.9912733,5.928298,2.275001,0.2865421,214556,0.8833866,1.132007,0.9869999,0.5053837,0.6700436,2
0.1111718,0.1023622,0.04247739,0.001804328,3.927312,55.34065,0.07086615,0.1614173,0.09055118,0.9914094,0.6066283,0.1448121,0.9757784,5.177518,2.809293,0.1618863,49868,0.9839813,1.016279,0.9933271,0.4215507,0.7520888,2
0.4894592,0.4627451,0.1921557,0.03692381,0.2484871,1.978464,0.2470588,0.7607843,0.5137255,0.9572381,0.2414162,0.1392408,0.9629984,7.510252,2.725801,0.1860704,39596,0.8348416,1.197832,0.9791296,0.8548554,0.6500525,1
0.2676841,0.2666667,0.07666973,0.005878248,1.20805,9.52279,0.1764706,0.3568628,0.1803922,0.9717522,0.3109476,0.1257547,0.9760994,6.224234,2.841908,0.1627946,98899,0.8169523,1.224062,0.9399884,0.6834806,0.6845169,2
0.3355663,0.3254902,0.1484416,0.02203492,0.6185707,3.672363,0.1490196,0.5254902,0.3764706,0.9602372,0.2850138,0.1727728,0.9586319,7.216256,2.545259,0.2162925,36927,0.8364088,1.195588,0.9760526,0.8437061,0.7602215,1
0.470016,0.460251,0.1204994,0.0145201,0.4944931,4.109266,0.3221757,0.6192468,0.2970711,0.9476293,0.2940322,0.2381964,0.9163686,6.824974,2.691342,0.1868753,15753,0.924875,1.081227,0.9719874,0.2791031,0.7652288,2
0.2699862,0.2460317,0.1508778,0.0227641,0.8058279,3.490096,0.0952381,0.4801587,0.3849206,0.9492921,0.2567874,0.2389152,0.948847,7.163133,2.571349,0.207706,26036,0.8926813,1.120221,0.9635112,0.5017599,0.7787748,3
0.1246356,0.1098039,0.08064613,0.006503798,2.332215,16.41903,0.04313726,0.2196078,0.1764706,0.9773436,0.5346725,0.2316971,0.9597463,6.111246,2.666929,0.1880396,19851,0.9539714,1.048249,0.9869736,0.6354886,0.7616252,1
0.4040563,0.428,0.2380434,0.05666463,-0.1014155,1.964914,0.044,0.712,0.668,0.9632872,0.2268302,0.141439,0.9701731,7.676305,2.789659,0.1730716,35434,0.8648393,1.156284,0.9798413,0.8130937,0.6428753,2
0.5480132,0.5406504,0.1406375,0.0197789,0.1560977,2.31471,0.3699187,0.7357724,0.3658537,0.9524251,0.3257425,0.2285212,0.9264357,7.062613,2.746836,0.1812731,5817,0.6323816,1.581324,0.9062159,0.9211121,0.4990563,2
0.4733753,0.488189,0.1321172,0.01745496,-0.3630356,3.444762,0.2952756,0.6220472,0.3267716,0.9633326,0.266968,0.1199366,0.9619046,7.061841,2.696437,0.1850556,74284,0.9389294,1.065043,0.9849769,0.4022371,0.7356308,2
0.3275846,0.3057851,0.1322835,0.01749893,1.870027,8.902419,0.2024793,0.4545455,0.2520661,0.9312584,0.2987941,0.3515433,0.9192922,6.671865,2.781045,0.1752873,4868,0.9703983,1.030505,0.9822437,0.6613451,0.7375758,1
0.1382502,0.124498,0.1049109,0.01100629,2.704033,15.87491,0.03212851,0.2369478,0.2048193,0.9837335,0.4927803,0.1085934,0.9827384,6.284301,2.822712,0.1634282,52660,0.9671804,1.033933,0.9901288,0.5115651,0.722518,2
0.3662555,0.3724696,0.1204379,0.01450528,-0.02505554,3.125669,0.2105263,0.5141701,0.3036437,0.9577994,0.3252072,0.1804012,0.9550244,6.918594,2.657094,0.1951343,34355,0.96266,1.038788,0.9878088,0.5696272,0.7352123,2
0.2395879,0.2,0.1424199,0.02028342,1.77285,6.416982,0.1098039,0.4313726,0.3215686,0.9591656,0.3082838,0.1605734,0.9757663,6.795971,2.841032,0.1652172,38174,0.712527,1.403456,0.9229244,0.872381,0.598226,2
0.1746633,0.1372549,0.1168681,0.01365815,2.039633,8.66718,0.07450981,0.3215686,0.2470588,0.9784282,0.387686,0.1268049,0.9802319,6.338284,2.815029,0.1678918,30781,0.8884569,1.125547,0.9699997,0.6326383,0.6882127,1
0.2167981,0.2103175,0.09053089,0.008195841,1.561383,10.81056,0.1111111,0.3253968,0.2142857,0.9523355,0.3022007,0.388661,0.9361966,6.320117,2.750474,0.1794582,5078,0.9167013,1.090868,0.9703803,0.5263291,0.6838136,1
0.1171314,0.1004184,0.08192778,0.006712162,2.285187,11.58666,0.041841,0.2133891,0.1715481,0.9882622,0.4832754,0.09272081,0.9865404,5.899054,2.735993,0.1739876,95435,0.7863553,1.27169,0.9421027,0.8426101,0.6724184,2
0.2933274,0.3098039,0.1253678,0.01571708,0.6477073,7.419313,0.1176471,0.4117647,0.2941177,0.9804345,0.3559472,0.08634365,0.9809129,6.808098,2.925772,0.1509615,150533,0.7352344,1.360111,0.919061,0.8333843,0.7369099,2
0.170334,0.1666667,0.08899388,0.00791991,1.586539,10.90576,0.07142857,0.265873,0.1944444,0.9696983,0.4238681,0.1668501,0.9720947,6.361035,2.716855,0.1836657,43869,0.9155031,1.092296,0.9882854,0.7359362,0.7339144,2
0.26005,0.2540323,0.1482227,0.02196997,0.3488739,3.042907,0.05241935,0.4516129,0.3991936,0.9589056,0.2719826,0.1452525,0.9710504,7.090572,2.619883,0.1997179,50738,0.9147039,1.09325,0.9685782,0.5982225,0.7404521,2
0.3360269,0.3264463,0.1057432,0.01118162,1.691204,9.254078,0.2231405,0.4504132,0.2272727,0.9557647,0.4045182,0.2458472,0.929542,6.497869,2.744806,0.1793762,17940,0.9736983,1.027012,0.9905035,0.6477578,0.7981492,2
0.2271714,0.2392157,0.1343412,0.01804755,0.9962658,6.682114,0.04313726,0.3529412,0.3098039,0.9782611,0.3080673,0.09498402,0.9804928,6.827396,2.910367,0.1519327,161879,0.8020937,1.246737,0.9380483,0.835606,0.7639153,2
0.285964,0.2666667,0.1625404,0.02641939,0.5580555,3.329695,0.06666667,0.4980392,0.4313726,0.9748297,0.2730606,0.08599606,0.9843827,7.215346,2.797018,0.1661383,230503,0.8697835,1.149711,0.9884772,0.7607617,0.6751956,2
0.1309929,0.1098039,0.1065508,0.01135306,3.211561,17.25003,0.04313726,0.2235294,0.1803922,0.9850852,0.521556,0.1225549,0.9794611,6.139469,2.829383,0.1640669,75166,0.8246964,1.212567,0.9469732,0.3799171,0.7472141,1
0.1725933,0.16,0.09993689,0.009987382,1.475649,9.035342,0.06,0.296,0.236,0.9577459,0.4155223,0.3687966,0.9215533,6.310432,2.81952,0.1648514,7928,0.9613652,1.040187,0.9841112,0.5153107,0.8129615,1
0.220102,0.2103175,0.08208109,0.006737305,1.514782,8.995367,0.1309524,0.3174603,0.1865079,0.9734287,0.3321642,0.110181,0.9786602,6.219712,2.841962,0.1600769,49934,0.9725484,1.028226,0.9934545,0.5971641,0.7625025,2
0.2309678,0.208,0.1432224,0.02051266,0.8425062,3.737993,0.064,0.424,0.36,0.9734273,0.31083,0.1046547,0.9786392,7.028364,2.707118,0.1842265,161064,0.9795688,1.020857,0.9935966,0.3458494,0.7762869,2
0.1508311,0.1411765,0.07053433,0.004975093,2.922264,22.75506,0.08235294,0.2235294,0.1411765,0.9825253,0.5501576,0.124249,0.9779249,5.875902,2.746157,0.1748587,69948,0.7733982,1.292995,0.962808,0.7600896,0.7686594,2
0.2575107,0.227451,0.1687982,0.02849284,1.997112,7.236231,0.1058824,0.4352941,0.3294118,0.9241881,0.2486074,0.3412275,0.9410238,6.859749,2.885355,0.1597333,8376,0.8976939,1.113965,0.9781619,0.67413,0.703629,3
0.04823493,0.007843138,0.08902998,0.007926337,5.030102,39.84954,0.003921569,0.1294118,0.1254902,0.9909629,0.5783994,0.08413962,0.9864344,4.146447,2.291006,0.2983089,83639,0.9093525,1.099684,0.9695926,0.5618101,0.7372453,2
0.1944522,0.1844262,0.07888382,0.006222657,1.314593,7.988986,0.1065574,0.2909836,0.1844262,0.9514342,0.3700904,0.3023957,0.9460087,6.173024,2.717733,0.1872468,12289,0.8099821,1.234595,0.9476404,0.7862382,0.6454985,2
0.4915984,0.4666667,0.2197883,0.0483069,0.4608106,2.439072,0.2196078,0.8235294,0.6039216,0.9515756,0.1999567,0.1585466,0.9558966,7.69459,2.716537,0.181527,69762,0.976607,1.023953,0.9931523,0.5473421,0.7717377,2
0.2864951,0.2705882,0.129124,0.016673,0.6742142,3.181425,0.1333333,0.4705882,0.3372549,0.9732439,0.2823214,0.1096064,0.9769095,6.933969,2.785508,0.1713116,85023,0.8828881,1.132646,0.988835,0.8094668,0.7542315,2
0.2740679,0.2663935,0.08466773,0.007168625,4.869263,36.43643,0.2090164,0.3319672,0.1229508,0.9206156,0.2807355,0.516452,0.8842183,5.578977,2.92164,0.1520464,2786,0.9507639,1.051786,0.9670253,0.5480734,0.7653846,1
0.3511373,0.3855932,0.2427176,0.05891182,0.04260917,1.625423,0.05084746,0.6605932,0.6097457,0.9682218,0.2291603,0.1575646,0.9684234,7.25834,2.625572,0.1931721,28836,0.8026435,1.245883,0.9468707,0.7954171,0.6948434,2
0.06302592,0.02745098,0.1380491,0.01905754,4.634638,26.0512,0.003921569,0.1019608,0.09803922,0.9895654,0.5663337,0.06267788,0.9895473,4.845681,2.359161,0.2814994,121827,0.8568633,1.167047,0.9569244,0.770829,0.7543467,2
0.2641202,0.254902,0.1230911,0.01515143,0.5690715,3.922597,0.1098039,0.4235294,0.3137255,0.9672675,0.3002526,0.1068873,0.9821868,6.961173,2.674893,0.1943042,90762,0.5973833,1.673967,0.882667,0.8152242,0.5923987,2
0.3298183,0.3227092,0.1051892,0.01106476,0.6777645,4.521085,0.2031873,0.4621514,0.2589642,0.9622532,0.3541054,0.1587888,0.9625849,6.695406,2.684634,0.1886361,19716,0.8948837,1.117464,0.9770554,0.7362571,0.7253863,1
0.0910349,0.04705882,0.1177577,0.01386687,2.28639,9.501616,0.003921569,0.2392157,0.2352941,0.9825743,0.5002086,0.1439294,0.9762175,5.710524,2.662518,0.1940122,32422,0.8070323,1.239108,0.9281727,0.4292872,0.7388114,2
0.1475094,0.1270492,0.09541386,0.009103806,2.810085,18.57066,0.06147541,0.2540984,0.1926229,0.9677899,0.4719091,0.3285221,0.9435085,6.049476,2.884159,0.1552881,9732,0.9913653,1.00871,0.9905344,0.5202785,0.7546526,1
0.3277805,0.3223141,0.1426634,0.02035286,0.5638761,3.490796,0.1446281,0.5123967,0.3677686,0.9642602,0.269578,0.1927478,0.9586084,6.978921,2.735354,0.1808051,22358,0.9340845,1.070567,0.9826828,0.6762803,0.7312271,1
0.349328,0.304,0.1736905,0.03016838,0.7939015,3.0079,0.152,0.608,0.456,0.9704487,0.2436542,0.1053446,0.9777098,7.29431,2.800868,0.1682277,149841,0.905349,1.104546,0.9663607,0.5650141,0.7162983,2
0.3146996,0.3098039,0.1471119,0.02164191,0.2801104,2.60829,0.1294118,0.5058824,0.3764706,0.9643515,0.2689801,0.1473877,0.9674894,7.210035,2.762171,0.1780482,72033,0.921957,1.084649,0.9907027,0.6717851,0.750508,2
0.1877955,0.1568628,0.1352649,0.01829661,1.14195,4.707016,0.04705882,0.3686275,0.3215686,0.9700786,0.3284818,0.1763437,0.9732932,6.848742,2.652458,0.1958236,19929,0.8392878,1.191486,0.9794564,0.850081,0.6297081,1
0.1682301,0.1614173,0.05276669,0.002784323,7.875096,98.43814,0.1299213,0.2047244,0.07480315,0.9727405,0.5649092,0.4229161,0.9273803,4.925872,3.037026,0.1334049,5431,0.9807534,1.019624,0.9863785,0.4619372,0.7638537,1
0.08949485,0.03174603,0.1236667,0.01529345,2.295552,9.105362,0.01190476,0.2579365,0.2460317,0.9890977,0.4608002,0.05894718,0.9911486,5.14782,2.47036,0.2395585,157038,0.7307366,1.368482,0.9344051,0.6280277,0.6858752,2
0.4759157,0.496,0.2175444,0.04732556,-0.3834011,2.461382,0.12,0.744,0.624,0.9557544,0.2280797,0.1677929,0.9570373,7.62188,2.612681,0.2035538,22784,0.8293058,1.205828,0.9622434,0.8079993,0.6514553,1
0.2712789,0.2588235,0.08717328,0.00759918,1.711663,9.316754,0.1803922,0.3764706,0.1960784,0.9572546,0.2869791,0.2106605,0.9608382,6.305038,2.762633,0.1769582,23252,0.8441724,1.184592,0.9555748,0.6864716,0.679188,2
0.1106087,0.07086615,0.1266767,0.016047,3.436765,19.16168,0.01968504,0.2283465,0.2086614,0.9853342,0.5261125,0.1072342,0.9814479,6.043937,2.76578,0.1739519,50963,0.923861,1.082414,0.9767517,0.6834099,0.7609144,1
0.3972597,0.3438735,0.1751111,0.03066391,0.8514674,2.890897,0.2213439,0.6640316,0.4426877,0.9551437,0.2452227,0.1369808,0.965256,7.246593,2.779995,0.1702439,82150,0.8429922,1.186251,0.9680879,0.7579226,0.7462212,2
0.1537559,0.07058824,0.2145891,0.04604848,1.886011,5.179786,0.01176471,0.5843138,0.572549,0.9847968,0.4349807,0.07960122,0.9868108,6.190493,2.836987,0.1603274,89542,0.9134858,1.094708,0.9805085,0.6313291,0.7392162,2
0.3102847,0.2745098,0.1570798,0.02467408,1.108474,4.295489,0.1411765,0.5333334,0.3921569,0.9505517,0.244717,0.2155294,0.9578214,7.160809,2.726508,0.1849336,31368,0.7766659,1.287555,0.9800662,0.8764517,0.704092,1
0.3160946,0.2992126,0.1025558,0.01051768,0.93758,4.131819,0.2007874,0.4527559,0.2519685,0.9741232,0.3195075,0.1000974,0.9796196,6.599026,2.846815,0.1622281,68317,0.8331245,1.200301,0.978039,0.8019953,0.6790549,2
0.4556388,0.4495798,0.1661807,0.02761603,0.1843672,2.16308,0.2436975,0.6806723,0.4369748,0.9320927,0.2280823,0.3388626,0.8933468,7.227312,2.678759,0.1944598,8574,0.9286303,1.076855,0.9798857,0.6073222,0.7780399,2
0.3119934,0.2941177,0.1680042,0.02822543,0.4133328,2.324433,0.09803922,0.5490196,0.4509804,0.9662033,0.2425741,0.1511536,0.9672735,7.26905,2.845039,0.1654929,79002,0.7916056,1.263255,0.9515218,0.8488485,0.7556818,2
0.1265771,0.0785124,0.1423928,0.0202757,2.567282,10.43934,0.02479339,0.2892562,0.2644628,0.9825417,0.4770484,0.1296959,0.9779356,6.21001,2.847783,0.1594372,35823,0.9575563,1.044325,0.9873763,0.3844688,0.7506601,2
0.2098232,0.1843137,0.1496447,0.02239353,0.8931495,3.837429,0.02745098,0.4117647,0.3843137,0.9579926,0.3051163,0.1823085,0.9660996,7.050712,2.649371,0.2002272,38739,0.9120985,1.096373,0.989022,0.7633061,0.7483628,2
0.3665698,0.3562753,0.1306725,0.0170753,0.5909337,3.904705,0.2145749,0.534413,0.319838,0.9690852,0.370926,0.1765197,0.9424653,6.991316,2.594678,0.2029098,48613,0.9778711,1.02263,0.9902831,0.3691814,0.8304378,2
0.4079354,0.3873518,0.1268806,0.01609868,0.692432,3.224592,0.2608696,0.5889328,0.3280632,0.9583781,0.3475761,0.1549122,0.9490758,6.960769,2.766512,0.1771857,67524,0.9084634,1.10076,0.9889569,0.7396091,0.8007969,2
0.2615846,0.2666667,0.07548774,0.005698399,0.06000002,3.25868,0.1607843,0.3529412,0.1921569,0.9565483,0.2983041,0.2844838,0.9465785,6.25961,2.625463,0.1990147,7728,0.822049,1.216473,0.9631107,0.8150835,0.6771226,2
0.1560395,0.145098,0.07841142,0.00614835,4.217824,30.84083,0.1058824,0.1921569,0.08627451,0.9914885,0.5884294,0.06225771,0.9884796,5.296408,2.873989,0.1543285,143915,0.948301,1.054518,0.986672,0.471514,0.7838508,2
0.1954102,0.1904762,0.06922015,0.004791429,2.362284,18.6126,0.1230159,0.2698413,0.1468254,0.9680075,0.3952018,0.1846984,0.9701484,5.941215,2.722151,0.1822575,33147,0.9172689,1.090193,0.9871642,0.7014363,0.713038,2
0.442768,0.4344262,0.1183627,0.01400973,0.2702543,3.496089,0.307377,0.602459,0.295082,0.963943,0.3370305,0.1541323,0.9495733,6.85476,2.86866,0.161192,55115,0.8303903,1.204253,0.975884,0.8399477,0.7786254,2
0.3475395,0.3426295,0.1078637,0.01163458,0.2524632,3.129131,0.2191235,0.4900399,0.2709163,0.975902,0.3629252,0.1135749,0.9769584,6.784852,2.745865,0.1805128,65077,0.6888286,1.45174,0.9364001,0.9074794,0.552854,2
0.1651254,0.1529412,0.1065754,0.01135831,1.214344,6.32941,0.03137255,0.2941177,0.2627451,0.9751417,0.3859939,0.1334788,0.9805266,6.568037,2.698679,0.1839243,60770,0.8322421,1.201573,0.9530456,0.8322014,0.6451167,3
0.0818053,0.007843138,0.1836938,0.0337434,3.521987,15.52312,0.003921569,0.2039216,0.2,0.9771894,0.5452627,0.1376393,0.9759881,4.434074,2.342432,0.2804297,20845,0.918097,1.08921,0.9663885,0.6381103,0.7791358,2
0.1987111,0.145098,0.1599086,0.02557077,1.188621,3.86135,0.03921569,0.4470588,0.4078431,0.9754748,0.3663895,0.1244726,0.9748139,6.969469,2.770393,0.170272,62596,0.9627207,1.038723,0.985888,0.5007344,0.793238,2
0.05432094,0.007843138,0.1309106,0.01713759,4.433564,25.81213,0.003921569,0.1294118,0.1254902,0.9897916,0.4992789,0.08543159,0.9877707,4.101147,1.948258,0.4076261,86778,0.823666,1.214084,0.9658419,0.7817786,0.6720256,2
0.2263336,0.2134387,0.1041008,0.01083698,1.886497,9.962338,0.1225296,0.3557312,0.2332016,0.9541847,0.2987332,0.2895839,0.9527773,6.383709,2.97004,0.1441923,10251,0.8858227,1.128894,0.9808631,0.7392314,0.6760982,1
0.2683749,0.2666667,0.07375967,0.005440488,0.8275354,6.770244,0.1803922,0.3568628,0.1764706,0.9723518,0.313285,0.1132063,0.978543,6.207911,2.858346,0.1607503,99437,0.8360969,1.196034,0.9465052,0.6460777,0.6789919,2
0.2551863,0.2313726,0.1148844,0.01319842,1.077424,4.133545,0.1372549,0.4235294,0.2862745,0.9771365,0.2957104,0.0874466,0.9847922,6.737266,2.818144,0.1659327,92238,0.8542851,1.170569,0.959623,0.4606157,0.6868619,2
0.1750639,0.1333333,0.1316062,0.01732018,1.942219,7.928288,0.05882353,0.3490196,0.2901961,0.9819055,0.4320469,0.09251424,0.981293,6.553248,2.819042,0.1613714,90178,0.7821613,1.278509,0.9617653,0.816788,0.7996205,2
0.05475203,0.01204819,0.1007331,0.01014715,2.925172,13.2828,0.004016064,0.1967871,0.1927711,0.9902276,0.4643205,0.07358785,0.9901636,4.196204,2.150387,0.3371646,165085,0.6237597,1.603181,0.8821659,0.8274288,0.602412,2
0.151485,0.1176471,0.1209473,0.01462825,3.228923,16.86844,0.05882353,0.254902,0.1960784,0.9673038,0.4313107,0.3034102,0.9552429,6.213674,2.675697,0.1871408,11556,0.799216,1.251226,0.9281182,0.7135126,0.6765016,2
0.2542457,0.2248996,0.1713585,0.02936373,0.6804921,2.9941,0.05220884,0.4899598,0.437751,0.9635577,0.2697962,0.2036316,0.9639099,7.226597,2.698596,0.1863739,26721,0.8760461,1.141492,0.9489328,0.5375758,0.6933316,1
0.1665946,0.1388889,0.1031706,0.01064418,1.836953,9.589385,0.05952381,0.2936508,0.234127,0.9605124,0.4144172,0.3465833,0.9369222,6.431124,2.627975,0.2002095,9631,0.9223192,1.084223,0.983056,0.7307888,0.7680223,1
0.469552,0.4703557,0.1873444,0.03509792,0.01942124,2.165329,0.2094862,0.715415,0.5059289,0.9443383,0.2108568,0.289322,0.9232543,7.495993,2.837741,0.167056,8139,0.8644699,1.156778,0.9486014,0.5848437,0.715957,2
0.3034053,0.2980392,0.162351,0.02635785,0.391712,3.284939,0.08627451,0.509804,0.4235294,0.9581763,0.2586472,0.1695093,0.9656876,7.308021,2.646029,0.1948868,45602,0.6638868,1.506281,0.9314895,0.6101409,0.7083256,3
0.2861932,0.2901961,0.09170844,0.008410437,0.6601574,7.050072,0.1686275,0.3803922,0.2117647,0.9756923,0.3501749,0.1202492,0.9748055,6.476248,2.756044,0.1773544,77772,0.7290899,1.371573,0.958397,0.7283218,0.6960024,2
0.1033197,0.0511811,0.1401681,0.01964709,2.662275,11.13035,0.01181102,0.2559055,0.2440945,0.9854913,0.5203604,0.07587654,0.9863288,5.60632,2.5466,0.225688,62417,0.9898931,1.01021,0.993158,0.302704,0.7739052,2
0.1499373,0.1304348,0.08790349,0.007727023,1.564156,7.55835,0.05533597,0.2687747,0.2134387,0.9782457,0.5008457,0.1706071,0.9662423,6.268436,2.912537,0.1528103,35826,0.9633774,1.038015,0.9926574,0.6283295,0.7973382,2
0.2161012,0.2117647,0.0920587,0.008474803,1.078551,6.201139,0.1058824,0.3215686,0.2156863,0.9627301,0.3229907,0.1603451,0.9721498,6.46796,2.734622,0.1815827,53466,0.6805034,1.4695,0.9441286,0.8588976,0.7218112,2
0.3921955,0.4,0.1093598,0.01195957,0.1324156,3.966526,0.2392157,0.5215687,0.282353,0.9527093,0.3416286,0.2254346,0.9415237,6.765946,2.705206,0.1859167,13792,0.7984024,1.252501,0.9688795,0.8607234,0.7277332,1
0.2883225,0.2886179,0.1373958,0.0188776,0.3967845,2.928879,0.1097561,0.4634146,0.3536585,0.9677378,0.2864407,0.1462163,0.9684659,7.031409,2.629781,0.1957167,28760,0.8875135,1.126743,0.9778322,0.6224464,0.7522298,2
0.09088563,0.04313726,0.1152278,0.01327743,2.426818,9.589149,0.007843138,0.2352941,0.227451,0.9912437,0.4876326,0.06911624,0.9893613,5.844,2.462052,0.2500294,139220,0.8718668,1.146964,0.9896711,0.7939498,0.7039277,2
0.1769913,0.1516393,0.1134042,0.01286051,2.889118,15.57683,0.08196721,0.2909836,0.2090164,0.965352,0.4575565,0.2670198,0.9486387,6.28462,2.595674,0.1959149,19498,0.9746576,1.026001,0.990752,0.4703329,0.7911544,1
0.05570757,0.007843138,0.09928785,0.009858078,3.306633,18.28311,0.003921569,0.172549,0.1686275,0.989785,0.5132096,0.07462046,0.989037,4.083741,2.178762,0.3235393,88258,0.8638741,1.157576,0.9617514,0.7418944,0.6856534,2
0.182423,0.1606426,0.08918343,0.007953684,2.189104,10.10513,0.1004016,0.2730924,0.1726908,0.9666588,0.465584,0.1661188,0.9665997,6.105573,2.752524,0.1753188,24917,0.9383028,1.065754,0.9779043,0.5484223,0.8012928,2
0.248013,0.2401575,0.0870712,0.007581395,0.3497874,3.945552,0.1377953,0.3661417,0.2283465,0.9751585,0.3111534,0.1209186,0.9758689,6.437459,2.858773,0.1597134,94788,0.8851203,1.12979,0.9799235,0.7335443,0.7490872,2
0.1996577,0.1795918,0.1181951,0.01397007,3.008193,15.97346,0.09510204,0.2897959,0.1946939,0.9362544,0.3548082,0.6064205,0.9051402,6.196518,2.762962,0.1745607,2778,0.8200543,1.219431,0.9686192,0.8524388,0.6999244,1
0.3381831,0.3266129,0.09179667,0.00842663,1.999542,12.43979,0.2419355,0.4395161,0.1975807,0.9628915,0.4307407,0.1581411,0.9598802,6.319736,2.734943,0.1861899,24311,0.9493546,1.053347,0.9791768,0.4748328,0.724836,2
0.2457143,0.2117647,0.1290979,0.01666626,1.566005,6.465031,0.1254902,0.427451,0.3019608,0.9600199,0.2895347,0.2265826,0.9595294,6.78429,2.577978,0.2092389,23436,0.9031445,1.107242,0.9913706,0.7896937,0.7233334,1
0.5364904,0.5289256,0.1431387,0.02048869,0.1589953,2.287623,0.3553719,0.731405,0.3760331,0.951914,0.3237487,0.2272182,0.929332,7.061037,2.745833,0.1806662,5823,0.636808,1.570332,0.9075748,0.9211759,0.5009032,2
0.2916433,0.2891566,0.1413886,0.01999072,1.141341,5.472114,0.124498,0.4176707,0.2931727,0.9683049,0.2908295,0.1302518,0.9706228,6.931453,2.855369,0.162416,64196,0.8774747,1.139634,0.9700358,0.7755719,0.7651946,2
0.350183,0.3305785,0.1525805,0.02328079,0.6352355,3.460591,0.1694215,0.5454546,0.3760331,0.9608312,0.2761281,0.1634612,0.968048,7.147543,2.480122,0.2256181,16080,0.7981961,1.252825,0.9776264,0.8731647,0.6031508,1
0.2295474,0.1568628,0.2069736,0.04283808,1.070586,3.444844,0.03137255,0.5490196,0.5176471,0.9773573,0.3185919,0.07339093,0.9888265,7.227393,2.79615,0.1712856,58136,0.7349617,1.360615,0.9370729,0.8753227,0.5867345,2
0.08601893,0.04016064,0.1161766,0.013497,2.639032,11.3103,0.01204819,0.2168675,0.2048193,0.9921673,0.4663857,0.06277788,0.9912144,5.421335,2.674922,0.1898024,135849,0.8730333,1.145432,0.989504,0.8106185,0.6420813,2
0.3803352,0.3557312,0.1355495,0.01837367,0.5313856,2.635595,0.2173913,0.5731225,0.3557312,0.9655366,0.2859273,0.1404039,0.964165,7.04369,2.709375,0.1835762,92789,0.9523515,1.050032,0.9910814,0.5180885,0.740015,2
0.3256971,0.2901961,0.1676963,0.02812205,0.9394716,3.812481,0.1333333,0.5529412,0.4196078,0.9568425,0.2485605,0.1720439,0.9573311,7.294913,2.712522,0.1803672,73614,0.9670008,1.034125,0.9928651,0.6056862,0.809639,2
0.1948658,0.1818182,0.06916384,0.004783636,2.574492,16.91075,0.1343874,0.2687747,0.1343874,0.9733052,0.463879,0.1828363,0.9669342,5.785446,2.917311,0.1514157,20156,0.9567301,1.045227,0.9855271,0.5717144,0.7678476,2
0.1113102,0.05882353,0.1530591,0.02342707,2.702768,11.04153,0.01176471,0.2941177,0.282353,0.9866468,0.4447811,0.06538571,0.9903387,5.90989,2.59367,0.2098341,116474,0.8770386,1.140201,0.9633992,0.658554,0.6758894,2
0.1947205,0.1653543,0.1221523,0.01492117,2.590901,11.1078,0.09448819,0.2992126,0.2047244,0.9680612,0.4077795,0.1523737,0.9757443,6.364608,2.889627,0.1585826,36004,0.8654189,1.15551,0.986492,0.827032,0.7115977,2
0.1061428,0.08870967,0.09288624,0.008627853,2.855202,15.00984,0.02016129,0.1895161,0.1693548,0.9903781,0.5645007,0.05925205,0.9896448,5.949986,2.73053,0.1768885,161578,0.9456944,1.057424,0.9778501,0.4817721,0.7638935,2
0.159471,0.1019608,0.1555001,0.02418028,2.226045,7.999607,0.04313726,0.3529412,0.3098039,0.9863942,0.4594447,0.08373266,0.9881594,6.523432,2.772241,0.1746031,44084,0.4956929,2.017378,0.8164762,0.9385583,0.4048712,2
0.1643256,0.1568628,0.0939803,0.008832295,1.595495,9.826091,0.05490196,0.2666667,0.2117647,0.9791571,0.4000531,0.1131564,0.9836877,6.365156,2.817386,0.1665928,60014,0.8286744,1.206747,0.9608697,0.8269231,0.6414356,2
0.2106099,0.1692913,0.1628186,0.0265099,1.013979,3.432039,0.03543307,0.4645669,0.4291339,0.9755299,0.3273637,0.1147026,0.9799865,7.031981,2.810861,0.1647646,100349,0.8423108,1.18721,0.9559688,0.6699831,0.7260513,2
0.4895297,0.492126,0.125448,0.01573719,0.05758404,2.77335,0.3228346,0.6496063,0.3267716,0.9567103,0.2867053,0.148335,0.9425232,7.028086,2.729266,0.1838605,51847,0.922731,1.08374,0.9773785,0.417225,0.7975357,2
0.1630253,0.1372549,0.1314002,0.01726602,4.331323,25.2398,0.07843138,0.2235294,0.145098,0.9869518,0.5605891,0.07737262,0.9859126,5.916556,2.872084,0.1532722,70430,0.8877906,1.126392,0.988866,0.7296802,0.7856107,2
0.476541,0.4811715,0.149893,0.02246792,0.204816,3.199728,0.2761506,0.6652719,0.3891214,0.9446431,0.2491776,0.221815,0.9304599,7.125614,2.668989,0.1894455,14705,0.940778,1.06295,0.9788976,0.5129886,0.7409927,1
0.2321667,0.2295082,0.08720686,0.007605035,0.8158842,4.592305,0.1229508,0.3401639,0.2172131,0.9684882,0.3075297,0.1421636,0.9776854,6.330477,2.771816,0.1731909,39646,0.782123,1.278571,0.9324302,0.8227937,0.6133544,2
0.2147302,0.1674641,0.1665494,0.02773871,0.9191907,3.143677,0.03827751,0.4641148,0.4258373,0.9765175,0.3463658,0.1461016,0.9689623,6.823411,2.744909,0.1723235,46488,0.8518233,1.173952,0.9799532,0.6911208,0.8041515,2
0.3538973,0.345098,0.1002962,0.01005932,0.8065459,4.010013,0.2352941,0.4823529,0.2470588,0.9733817,0.3933593,0.1016034,0.9749452,6.600488,2.852015,0.1614626,72163,0.8734214,1.144923,0.9795705,0.7612433,0.7157608,2
0.2363674,0.224,0.08240057,0.006789854,2.27556,13.79331,0.152,0.32,0.168,0.95956,0.2979983,0.2615096,0.9568219,6.095239,2.915931,0.1553741,9808,0.8541318,1.170779,0.9801139,0.8165867,0.6762273,1
0.1090847,0.06854839,0.1159244,0.01343847,2.106958,8.279587,0.01612903,0.2580645,0.2419355,0.9882928,0.4316755,0.0871422,0.9884396,6.087596,2.81196,0.1660654,103614,0.5906041,1.693182,0.8920706,0.8262209,0.5612285,2
0.260401,0.2031873,0.1439279,0.02071525,1.155168,3.751756,0.123506,0.4780877,0.3545817,0.9705074,0.29041,0.1369248,0.9749323,6.835083,2.739992,0.1808352,56670,0.8908996,1.122461,0.9755216,0.5883338,0.7301329,2
0.1117358,0.07843138,0.1318996,0.01739752,2.379761,10.06187,0.003921569,0.2666667,0.2627451,0.9847854,0.5306336,0.08205737,0.9840366,6.065754,2.641165,0.195891,100718,0.8616703,1.160537,0.9479163,0.5362406,0.796744,2
0.5019124,0.5284553,0.1424257,0.02028509,-0.3843805,2.71179,0.2926829,0.6666667,0.3739837,0.9388914,0.2618875,0.3102192,0.8942866,7.050824,2.666493,0.1957692,6026,0.8540952,1.17083,0.9630814,0.7554837,0.720641,2
0.4868945,0.4862745,0.1365666,0.01865043,0.004988695,2.285128,0.3058824,0.6627451,0.3568628,0.9659842,0.305975,0.1231343,0.9484251,7.124271,2.846697,0.1639075,87248,0.9392703,1.064656,0.9852297,0.6417744,0.8287549,1
0.1774698,0.161157,0.09171043,0.008410803,2.828264,17.40538,0.08677686,0.268595,0.1818182,0.9547513,0.4227161,0.3734054,0.9335091,6.080245,2.849574,0.1640123,7533,0.9089659,1.100151,0.9874164,0.7975144,0.7628354,1
0.227713,0.2244094,0.07577586,0.005741981,3.19969,24.68074,0.1535433,0.2992126,0.1456693,0.9455487,0.3193022,0.3547112,0.9231478,5.938538,2.800672,0.1682173,9733,0.980549,1.019837,0.984424,0.4212036,0.8054452,2
0.09592374,0.01229508,0.1859718,0.03458549,2.515405,8.515578,0.01229508,0.352459,0.3401639,0.9864018,0.4223144,0.1051908,0.9855821,3.85411,2.337695,0.2847754,51276,0.7761679,1.288381,0.9282404,0.6859449,0.6026374,2
0.2720622,0.2701613,0.08811221,0.007763762,0.503492,3.992873,0.1612903,0.3830645,0.2217742,0.9591926,0.3024364,0.165917,0.9644573,6.456612,2.812015,0.1687917,53815,0.9149708,1.092931,0.9794875,0.6739831,0.7466839,2
0.05079338,0.01568628,0.08188329,0.006704873,3.719824,24.04969,0.003921569,0.1333333,0.1294118,0.9910445,0.5801932,0.08368881,0.9859672,4.564184,2.220046,0.3112226,88807,0.8914804,1.12173,0.9536117,0.5476767,0.7506931,2
0.1252855,0.1133603,0.07305562,0.005337123,7.07434,61.8648,0.09311741,0.1417004,0.048583,0.9847473,0.5861948,0.1815877,0.9687464,4.444212,2.924916,0.1469275,39401,0.9554469,1.046631,0.9919938,0.6211237,0.7627427,2
0.3645864,0.3176471,0.1879776,0.03533559,1.467862,5.052414,0.1803922,0.6196079,0.4392157,0.9402059,0.2570223,0.1999355,0.9584958,7.208779,2.680449,0.1936158,10174,0.7107082,1.407047,0.9469472,0.9209766,0.6682869,1
0.2481621,0.2096774,0.1478541,0.02186083,2.061088,7.999308,0.1209677,0.4233871,0.3024194,0.9373909,0.2889984,0.354571,0.9278398,6.676431,2.82254,0.1628937,11968,0.9366084,1.067682,0.9882742,0.7593156,0.789967,2
0.2012072,0.1926229,0.06948135,0.004827658,3.285035,26.71888,0.1352459,0.2745902,0.1393443,0.9227043,0.3953258,0.8241656,0.8426191,5.632843,2.885466,0.1560341,1523,0.9109935,1.097703,0.9762821,0.7725693,0.7911688,1
0.09719405,0.08627451,0.08923388,0.007962686,5.471334,44.33278,0.03137255,0.1529412,0.1215686,0.9706728,0.4934058,0.4668445,0.9356517,5.5786,2.852638,0.1593079,4937,0.7954369,1.257171,0.958827,0.8596178,0.6520935,2
0.1118085,0.07058824,0.1192917,0.01423051,2.216963,8.64558,0.01960784,0.2627451,0.2431373,0.9897839,0.5253336,0.06332485,0.9879997,6.114714,2.778436,0.1678083,140172,0.9582424,1.043577,0.9899572,0.4896541,0.7867053,2
0.4981188,0.503937,0.1506257,0.02268811,-0.08317803,2.443922,0.2992126,0.6889764,0.3897638,0.9565968,0.2695522,0.1582682,0.9391782,7.256605,2.688773,0.1890752,42900,0.9640942,1.037243,0.9913574,0.5513386,0.811716,2
0.2192163,0.2096774,0.111861,0.01251287,1.235946,7.004159,0.08467742,0.3467742,0.2620968,0.9585128,0.3027065,0.2135753,0.9603586,6.656308,2.675296,0.1908351,25336,0.9425398,1.060963,0.9879894,0.6923936,0.7429041,1
0.2959044,0.2666667,0.1508458,0.02275446,0.6126953,2.915505,0.1176471,0.5058824,0.3882353,0.9539441,0.2517935,0.1825543,0.9588377,7.199069,2.755937,0.1809336,40170,0.8849172,1.130049,0.9819595,0.7667246,0.7835909,2
0.3393175,0.3137255,0.1321803,0.01747163,1.175787,4.818422,0.2,0.5215687,0.3215686,0.9570121,0.2910501,0.1808262,0.9594396,6.944496,2.832695,0.1646645,54665,0.8330829,1.200361,0.9467768,0.697008,0.7135491,2
0.2745895,0.2588235,0.1136614,0.01291891,0.8218898,4.292549,0.1490196,0.427451,0.2784314,0.9525664,0.2702673,0.2185273,0.9557708,6.803078,2.666289,0.1954431,19390,0.9804434,1.019947,0.988378,0.4715975,0.7402176,1
0.3186443,0.3019608,0.1724381,0.02973488,0.7880756,3.728309,0.1058824,0.5450981,0.4392157,0.9585332,0.2483961,0.1578402,0.9659459,7.374168,2.669285,0.1962464,44552,0.8743065,1.143764,0.9840744,0.7656044,0.7450666,1
0.2326251,0.2098765,0.1906444,0.03634529,0.7632493,2.974005,0.0164609,0.5020576,0.4855967,0.9639519,0.3005922,0.2012991,0.9483615,7.005996,2.701746,0.1787926,46667,0.9592965,1.042431,0.9892526,0.5341972,0.8489694,2
0.3924514,0.372549,0.1445862,0.02090517,0.9006181,4.103895,0.2235294,0.5803922,0.3568628,0.9389468,0.2836022,0.1823992,0.9493678,7.131114,2.626903,0.2037154,24994,0.9392372,1.064694,0.9880614,0.7145149,0.7719916,2
0.2384861,0.1885246,0.2100953,0.04414005,0.745094,2.510016,0.02459016,0.557377,0.5327869,0.9676448,0.2856119,0.1462114,0.9674335,6.985398,2.716446,0.176265,73002,0.9918613,1.008206,0.9947945,0.4383103,0.8131663,2
0.1493142,0.1338912,0.08409614,0.007072161,1.389656,6.883525,0.05857741,0.2594142,0.2008368,0.9750197,0.4643912,0.1779096,0.9696121,6.181049,2.630779,0.1944162,41517,0.9567653,1.045188,0.986152,0.6065148,0.7470446,3
0.1111645,0.09019608,0.09180536,0.008428224,3.077372,19.04525,0.03529412,0.2039216,0.1686275,0.9817885,0.5406165,0.1826433,0.9702597,6.005692,2.850299,0.1596242,19508,0.9560407,1.045981,0.9897514,0.5874192,0.7391074,2
0.1505306,0.127572,0.08836901,0.007809082,3.139245,22.9084,0.07407407,0.2510288,0.1769547,0.980379,0.4598241,0.1670842,0.9741709,5.952284,2.792408,0.166601,37426,0.8759727,1.141588,0.9774098,0.7252822,0.7038667,2
0.171133,0.1244813,0.1664594,0.02770873,1.124816,3.732727,0.01244813,0.4356847,0.4232365,0.97869,0.360615,0.1195869,0.9804923,6.244695,2.703296,0.1802161,69428,0.8014387,1.247756,0.9539565,0.6925021,0.7025703,2
0.09586906,0.07272727,0.08587483,0.007374485,2.92083,14.50585,0.03181818,0.1818182,0.15,0.9828398,0.5153412,0.1749673,0.9725462,5.50473,2.829749,0.1647777,18773,0.8644016,1.15687,0.9628661,0.7639841,0.7205143,2
0.1147615,0.05882353,0.1659569,0.02754169,2.636836,10.71307,0.003921569,0.2941177,0.2901961,0.9857864,0.4286636,0.08043551,0.9888614,6.003403,2.64267,0.1899771,58677,0.8271579,1.208959,0.9764365,0.8593448,0.621427,2
0.2870555,0.2627451,0.1396874,0.01951256,1.183383,5.128724,0.1372549,0.4627451,0.3254902,0.9637146,0.2699162,0.1276949,0.9758292,7.030095,2.708547,0.1876172,47743,0.9031006,1.107296,0.9890413,0.7437224,0.7046937,2
0.1901937,0.1714286,0.0930431,0.00865702,1.544088,7.315758,0.09387755,0.3061225,0.2122449,0.9692919,0.3780068,0.1805353,0.9692774,6.314269,2.715555,0.182717,31663,0.7669489,1.303868,0.9590489,0.8452044,0.7302352,2
0.1846417,0.168,0.0960177,0.009219398,1.794365,9.142688,0.084,0.296,0.212,0.9724882,0.3777565,0.1441811,0.9800798,6.385495,2.894238,0.1548952,38112,0.7228876,1.383341,0.9418277,0.8906221,0.573018,2
0.09306888,0.05098039,0.1126434,0.01268854,2.220194,9.044764,0.007843138,0.2431373,0.2352941,0.9897858,0.567893,0.06453558,0.9862878,5.883782,2.49732,0.2398445,192197,0.8745262,1.143476,0.9728538,0.7781966,0.8186678,2
0.1932022,0.1576764,0.1652107,0.02729457,1.247022,4.306034,0.02489627,0.4315353,0.406639,0.9743561,0.3517683,0.1320019,0.9748842,6.827034,2.751334,0.1716612,87319,0.9738529,1.026849,0.9914389,0.5143532,0.7709879,2
0.08927806,0.07172996,0.07204079,0.005189875,3.722635,23.11241,0.03375527,0.1476793,0.113924,0.9737498,0.6326711,0.3948066,0.9164479,5.335736,2.881472,0.1549351,5280,0.9751964,1.025434,0.9832402,0.3870933,0.8261618,2
0.7001736,0.7283465,0.1575696,0.02482817,-0.6776726,2.982783,0.472441,0.8818898,0.4094488,0.9477319,0.2360966,0.1643533,0.9073938,7.226792,2.745691,0.1780511,13008,0.9875916,1.012564,0.9897284,0.5134421,0.7476292,2
0.1770144,0.156,0.06856599,0.004701295,2.240296,13.6332,0.116,0.272,0.156,0.9803359,0.4847469,0.1376532,0.9725804,5.647939,2.847378,0.156841,54497,0.9328251,1.072012,0.9820164,0.6181809,0.7975793,2
0.1748845,0.1659919,0.09428491,0.008889644,2.865381,20.93977,0.07692308,0.2672065,0.1902834,0.9591447,0.3807791,0.3805365,0.945097,6.229642,2.612259,0.1981206,7039,0.7292162,1.371336,0.8744099,0.4876314,0.6445971,3
0.3454617,0.3253968,0.1175907,0.01382756,1.113083,5.385419,0.2103175,0.4960317,0.2857143,0.9492213,0.3259012,0.2901444,0.9312618,6.734232,2.893107,0.157603,7774,0.8896198,1.124076,0.973088,0.8012762,0.7230283,1
0.2455155,0.2352941,0.1181669,0.01396341,0.5623397,3.697599,0.09803922,0.4039216,0.3058824,0.9684618,0.314542,0.1453003,0.9648377,6.89987,2.729276,0.1774448,113585,0.974536,1.026129,0.9907368,0.3582003,0.818607,2
0.3437582,0.3411765,0.08019857,0.006431811,0.7314261,5.978775,0.2470588,0.4392157,0.1921569,0.9773124,0.4895675,0.09507435,0.973303,6.343766,2.820483,0.167321,80244,0.9545866,1.047574,0.9943618,0.6990845,0.7636467,2
0.2625804,0.2480315,0.1332015,0.01774264,0.8951423,4.335125,0.1062992,0.4409449,0.3346457,0.9555919,0.2710013,0.1801598,0.9631305,7.007955,2.644999,0.1973067,26732,0.9704623,1.030437,0.9889386,0.5919109,0.7563591,2
0.3259367,0.3215686,0.07725631,0.005968538,1.355053,10.14317,0.2392157,0.4117647,0.172549,0.9678646,0.4205047,0.1830512,0.9579082,6.209331,2.791329,0.1719999,18348,0.8343706,1.198508,0.9439242,0.768744,0.6803367,1
0.2608398,0.1568628,0.2296198,0.05272523,1.423842,4.150131,0.07058824,0.6392157,0.5686275,0.9807907,0.307528,0.06226221,0.9902264,7.159086,2.837691,0.1606072,173297,0.6839506,1.462094,0.9283403,0.899169,0.6518061,2
0.08112802,0.05098039,0.1196036,0.01430502,3.945613,21.87186,0.003921569,0.1568628,0.1529412,0.9818895,0.517586,0.1670068,0.9746417,5.591921,2.846087,0.1615161,23435,0.8589377,1.164229,0.9661925,0.7478243,0.7072368,2
0.1619461,0.1146245,0.1598128,0.02554013,1.608993,5.942548,0.01185771,0.3913043,0.3794466,0.9817838,0.4086439,0.07527298,0.98623,6.448176,2.772993,0.1701236,133112,0.9281591,1.077402,0.9809068,0.5122694,0.7663327,2
0.402353,0.4,0.1283281,0.01646811,0.1331297,3.36643,0.2431373,0.5607843,0.3176471,0.9584411,0.3274308,0.1668653,0.9479586,7.062887,2.711273,0.1875279,52349,0.9744305,1.02624,0.9878661,0.4091347,0.7956743,2
0.08776698,0.0483871,0.1145986,0.01313284,2.707533,11.70151,0.01209677,0.2217742,0.2096774,0.9859398,0.511691,0.101683,0.9830737,5.769856,2.775496,0.1697719,97225,0.7702985,1.298198,0.9354404,0.7831867,0.7423909,2
0.3132673,0.2980392,0.1343551,0.01805128,1.871046,9.837609,0.1686275,0.4509804,0.282353,0.95999,0.3101175,0.1599155,0.9649535,6.863001,2.686358,0.1874628,36594,0.9328502,1.071983,0.980862,0.6539561,0.7373511,2
0.2682691,0.2313726,0.1230093,0.0151313,1.160604,4.328896,0.1411765,0.4509804,0.3098039,0.9727986,0.2875064,0.1116464,0.9794883,6.654626,2.853823,0.1583099,88639,0.7966637,1.255235,0.9580109,0.8103652,0.7150267,2
0.2676293,0.244898,0.1270286,0.01613627,1.31615,6.150334,0.1346939,0.4244898,0.2897959,0.946282,0.2658032,0.2487191,0.9465025,6.827252,2.692163,0.1902492,25333,0.9664887,1.034673,0.989841,0.5870448,0.7807261,1
0.1067649,0.08571429,0.06567252,0.004312881,1.668304,6.89527,0.04489796,0.1959184,0.1510204,0.990267,0.4684206,0.08760893,0.9885895,5.672939,2.74397,0.1761602,83694,0.7250556,1.379205,0.9232551,0.8574952,0.5746833,2
0.2490826,0.2409639,0.0882746,0.007792404,0.3244697,3.58216,0.1485944,0.3694779,0.2208835,0.9669908,0.3110172,0.1443939,0.967756,6.466716,2.736099,0.176946,100823,0.9135754,1.0946,0.9796154,0.6846274,0.7914453,2
0.06414318,0.02564103,0.08463483,0.007163055,2.399152,10.97327,0.008547009,0.1837607,0.1752137,0.9919653,0.4936703,0.08355692,0.9883431,4.827916,2.287178,0.2816585,96584,0.7611869,1.313738,0.8985896,0.6371479,0.6491646,2
0.4831044,0.486166,0.09310251,0.008668078,-0.1152939,3.208509,0.3636364,0.5968379,0.2332016,0.9441293,0.2745637,0.2022589,0.9307192,6.580373,2.79511,0.1718945,16827,0.9253389,1.080685,0.9870945,0.7220871,0.739876,3
0.5572863,0.5854701,0.1476157,0.02179041,-0.4314247,2.540778,0.3376068,0.7307692,0.3931624,0.9676412,0.3069613,0.09352419,0.9600372,7.07683,2.62557,0.1985486,105702,0.8733097,1.145069,0.9690319,0.5531293,0.7790824,2
0.2307638,0.2117647,0.1409566,0.01986876,0.8845519,4.257901,0.06666667,0.4196078,0.3529412,0.9610667,0.2894456,0.1766524,0.9690263,7.048027,2.704173,0.1883286,33670,0.8885086,1.125481,0.9894502,0.8175401,0.7069371,1
0.1572839,0.1496063,0.07657047,0.005863037,2.004026,12.5078,0.07480315,0.2362205,0.1614173,0.9821202,0.5482296,0.08765238,0.9831581,6.090479,2.788443,0.1720194,106650,0.9724794,1.028299,0.9938681,0.6005816,0.7919359,2
0.4486878,0.3975904,0.236615,0.05598666,0.4219929,1.973074,0.1686747,0.811245,0.6425703,0.9398863,0.1762568,0.2669015,0.9356777,7.666955,2.584706,0.2003889,20470,0.9417718,1.061828,0.981963,0.5841916,0.7675003,2
0.1972364,0.1957447,0.07799852,0.006083768,0.7171669,4.216358,0.1021277,0.293617,0.1914894,0.9769826,0.3499702,0.1324171,0.9791099,6.102678,2.827322,0.161792,60625,0.8296915,1.205267,0.9439177,0.3369298,0.6759092,2
0.2583325,0.2156863,0.1347406,0.01815503,2.266229,10.99067,0.1411765,0.4352941,0.2941177,0.9637555,0.2956156,0.1973836,0.9659495,6.526078,2.750088,0.1783442,13378,0.8834257,1.131957,0.9767102,0.7922276,0.7058141,1
0.3010771,0.2901961,0.1405108,0.01974328,0.9445327,4.431028,0.1372549,0.4745098,0.3372549,0.9684501,0.2911442,0.1508276,0.9731225,7.071382,2.754204,0.1785918,46817,0.6613238,1.512119,0.8943588,0.7615229,0.6089699,2
0.319626,0.2862745,0.3026353,0.09158812,0.3496354,1.641001,0.003921569,0.7490196,0.7450981,0.9768225,0.2353446,0.09276721,0.9810156,6.44297,2.518279,0.2073832,203042,0.9497591,1.052899,0.9854925,0.4563377,0.7825108,2
0.3423361,0.3372549,0.1687749,0.02848498,0.4164856,3.491338,0.1137255,0.5529412,0.4392157,0.9606349,0.2644574,0.1361732,0.9715909,7.394722,2.670848,0.1934638,66146,0.6066642,1.648358,0.9236204,0.7687428,0.6812714,3
0.1158033,0.07142857,0.1429343,0.02043021,2.684638,11.23265,0.01190476,0.265873,0.2539683,0.9610602,0.418776,0.3586003,0.9492219,6.140239,2.805339,0.1665393,5909,0.7041811,1.420089,0.8619986,0.8039953,0.6468528,2
0.06548544,0.0334728,0.08399151,0.007054573,3.877383,27.76649,0.008368201,0.1548117,0.1464435,0.9917092,0.4783417,0.0999146,0.9871984,5.122655,2.441798,0.2388409,80658,0.5815879,1.719431,0.829192,0.8857342,0.5562774,2
0.09202272,0.07058824,0.07926148,0.006282382,3.582912,21.82432,0.03529412,0.1764706,0.1411765,0.989948,0.5831195,0.06835816,0.9875051,5.418371,2.806425,0.1651264,130861,0.8325748,1.201093,0.9731469,0.6690708,0.7788789,1
0.1962185,0.1572581,0.1345979,0.0181166,2.704811,11.53646,0.09677419,0.3346774,0.2379032,0.9663486,0.3768929,0.2675453,0.9629285,6.285112,2.834855,0.1668387,10402,0.7765439,1.287757,0.9838268,0.8977866,0.5881821,1
0.09344966,0.07843138,0.06697571,0.004485745,2.074844,11.24121,0.03137255,0.172549,0.1411765,0.9872078,0.5829647,0.153413,0.9736001,5.787949,2.768431,0.1713907,35060,0.9657248,1.035492,0.9881345,0.5028676,0.7605536,2
0.2072121,0.2103175,0.08228143,0.006770234,1.040536,10.64197,0.09920635,0.2936508,0.1944444,0.9619198,0.3175476,0.1621898,0.9711052,6.282058,2.718058,0.1806181,82473,0.798931,1.251673,0.9436378,0.7140722,0.730386,2
0.3455394,0.3385827,0.1554034,0.0241502,0.2304455,2.605135,0.1338583,0.5551181,0.4212599,0.9712601,0.2794909,0.1180827,0.9766998,7.300872,2.704184,0.187459,42987,0.615679,1.624223,0.8789719,0.829421,0.6124202,3
0.4146286,0.4117647,0.1063676,0.01131406,0.620029,4.887809,0.2862745,0.5411765,0.254902,0.9688945,0.3756789,0.09460016,0.97038,6.716586,2.86892,0.1593915,128796,0.869082,1.150639,0.9506292,0.706585,0.7646766,2
0.2625087,0.2459677,0.1570476,0.02466395,0.5885904,3.086245,0.06451613,0.4758064,0.4112903,0.9673327,0.2762602,0.1118004,0.9760095,7.1904,2.729089,0.1822264,140285,0.9811851,1.019176,0.9946539,0.471182,0.7770128,2
0.4131357,0.4039216,0.1048979,0.01100356,0.5972648,4.540929,0.2980392,0.5411765,0.2431373,0.9712711,0.3670402,0.09964224,0.975684,6.72237,2.794364,0.1726421,42774,0.7429846,1.345923,0.9072475,0.8085444,0.6208128,3
0.3231905,0.336,0.1628876,0.02653236,-0.07271979,2.286805,0.092,0.532,0.44,0.973169,0.2656188,0.1273075,0.9743829,7.281239,2.64118,0.1985209,50935,0.660894,1.513102,0.9274061,0.8237316,0.6857901,3
0.1954031,0.2,0.08611454,0.007415714,1.229899,8.666941,0.08627451,0.2745098,0.1882353,0.9667707,0.3788233,0.1573161,0.9714715,6.293603,2.876429,0.1581781,54190,0.9303108,1.07491,0.9831634,0.6204061,0.7565266,2
0.3123258,0.3098039,0.1184144,0.01402197,0.3017988,3.21788,0.1568628,0.4627451,0.3058824,0.9727831,0.323702,0.124889,0.9768713,6.907109,2.831378,0.1665451,33436,0.7726119,1.294311,0.9621593,0.8767257,0.5977973,2
0.1867614,0.1769547,0.1028118,0.01057026,0.7824568,4.624606,0.0617284,0.3168724,0.255144,0.9495275,0.3599259,0.4329124,0.906982,6.41155,2.772329,0.1751947,2603,0.9254335,1.080575,0.9785714,0.7878439,0.8147105,2
0.3604913,0.3686275,0.1728075,0.02986244,0.1024995,2.358223,0.1137255,0.5764706,0.4627451,0.9624005,0.2386442,0.1388968,0.9628624,7.352949,2.74118,0.1809657,61895,0.9054986,1.104364,0.9918594,0.8002203,0.8101652,2
0.08366106,0.03529412,0.1225425,0.01501666,2.805847,12.46464,0.003921569,0.2235294,0.2196078,0.9888546,0.5149781,0.07517136,0.9876558,5.517135,2.431608,0.2470085,78433,0.8808225,1.135302,0.973561,0.7298298,0.7378735,2
0.09873911,0.02788845,0.1560316,0.02434585,2.785539,12.03942,0.003984064,0.2669323,0.2629482,0.9867099,0.5256251,0.06263243,0.9882537,5.40429,2.412014,0.2580699,110152,0.8980758,1.113492,0.9656357,0.5831742,0.7887719,2
0.196083,0.1686275,0.1191546,0.01419781,2.127976,8.609135,0.09019608,0.3176471,0.227451,0.9748049,0.3817738,0.0985702,0.9850324,6.495268,2.704837,0.1837487,66779,0.8719798,1.146816,0.9735826,0.782666,0.6724975,2
0.3317409,0.3215686,0.1756331,0.030847,0.5131425,3.187548,0.1019608,0.5607843,0.4588235,0.9614151,0.3050826,0.1364156,0.9749694,7.443723,2.549274,0.2189637,23318,0.652911,1.531602,0.9187188,0.9370619,0.5280823,1
0.3062696,0.2941177,0.07348612,0.00540021,1.989529,12.69903,0.2313726,0.4,0.1686275,0.9607835,0.3857065,0.2286133,0.9526361,6.01698,2.871478,0.1622772,9408,0.7958017,1.256594,0.9367719,0.8346616,0.6078305,2
0.605478,0.6178862,0.1534967,0.02356122,-0.2042361,2.497569,0.398374,0.7926829,0.394309,0.9591655,0.4123799,0.2065988,0.9142745,7.183382,2.693169,0.1898053,4351,0.4732649,2.112982,0.8328867,0.9601768,0.3860692,2
0.3310191,0.3110236,0.09178325,0.008424165,2.179019,11.55624,0.2401575,0.4370079,0.1968504,0.9488223,0.4456429,0.2587478,0.923225,6.242236,2.888532,0.1584499,7697,0.990257,1.009839,0.9890773,0.5754163,0.7918724,2
0.2648473,0.2530612,0.1264495,0.01598947,0.4472515,2.436998,0.1102041,0.4408163,0.3306122,0.9682774,0.3060561,0.1678444,0.9726654,6.833294,2.684356,0.1896996,22713,0.7084051,1.411622,0.8742494,0.6249661,0.5747798,1
0.06051961,0.04313726,0.1092886,0.011944,4.784224,28.50639,0.003921569,0.08235294,0.07843138,0.9834169,0.5670164,0.1445498,0.975386,4.654603,2.223011,0.3156327,47149,0.8979709,1.113622,0.9831516,0.6294653,0.7586324,2
0.1975822,0.1803922,0.1240477,0.01538783,3.064162,16.54711,0.08627451,0.282353,0.1960784,0.9700997,0.4126484,0.1052361,0.9807302,6.457105,2.744014,0.1770538,94907,0.9485068,1.054289,0.9926576,0.7012112,0.7708496,2
0.4211047,0.4193548,0.1398924,0.01956987,0.01017212,2.192774,0.233871,0.6048387,0.3709677,0.9653049,0.2689751,0.1229184,0.9658739,7.10714,2.778076,0.1758628,150108,0.9050171,1.104952,0.9738609,0.663614,0.7316809,2
0.1274363,0.1176471,0.08133148,0.006614809,1.926157,9.437043,0.04313726,0.2196078,0.1764706,0.9879115,0.4669032,0.1329543,0.9813724,6.09896,2.755765,0.1762404,54043,0.6754234,1.480553,0.9262186,0.8369686,0.6450893,2
0.4779767,0.4752066,0.07896194,0.006234988,-0.05680567,4.742563,0.3884298,0.5743802,0.1859504,0.943041,0.2921169,0.2491138,0.9110248,6.223162,2.924738,0.1511922,11925,0.9877542,1.012398,0.99086,0.5937625,0.7763672,2
0.2646144,0.2627451,0.1087393,0.01182424,0.5272757,3.47415,0.1333333,0.3921569,0.2588235,0.9805,0.3228412,0.08462516,0.9800873,6.754731,2.779567,0.1707369,99955,0.8309056,1.203506,0.9619845,0.2600644,0.7978528,2
0.3408626,0.3215686,0.1022445,0.01045394,1.882715,9.444402,0.2431373,0.454902,0.2117647,0.9477355,0.4165929,0.308337,0.9153538,6.431173,2.84249,0.1668781,4860,0.9159954,1.091709,0.9832086,0.8003925,0.7637907,1
0.1627209,0.145098,0.1120271,0.01255007,1.493647,7.321458,0.03529412,0.2980392,0.2627451,0.96966,0.3997468,0.2303243,0.9636473,6.609813,2.698742,0.1897702,21402,0.9196441,1.087377,0.9689424,0.6228299,0.7027187,1
0.1481474,0.1294118,0.103138,0.01063745,4.158324,25.69745,0.07450981,0.2117647,0.1372549,0.9878121,0.5040979,0.08351373,0.9876738,5.881253,2.865638,0.1546039,66266,0.867611,1.15259,0.963785,0.7705861,0.6889217,2
0.3634282,0.3137255,0.2606873,0.06795785,0.4900672,2.16874,0.03921569,0.7647059,0.7254902,0.9652732,0.213987,0.1215463,0.9764383,7.755499,2.778177,0.1752857,84578,0.7137313,1.401087,0.9070416,0.873215,0.6912226,2
0.4243608,0.4189723,0.1448021,0.02096765,0.1819194,2.485101,0.2371542,0.6205534,0.3833992,0.9541364,0.2652893,0.1773755,0.9490456,7.201794,2.708465,0.188983,32537,0.8751088,1.142715,0.988606,0.8146378,0.7584382,2
0.1896593,0.1614173,0.1039051,0.01079627,1.855784,8.229495,0.09055118,0.3188976,0.2283465,0.9745432,0.375588,0.137874,0.9785609,6.414087,2.795638,0.1704794,40826,0.724371,1.380508,0.9341693,0.817872,0.6828575,2
0.07324491,0.03162055,0.1088619,0.01185092,2.681947,11.97286,0.003952569,0.2134387,0.2094862,0.9886928,0.5399597,0.08862586,0.9846475,5.247828,2.324313,0.2778735,75851,0.892868,1.119986,0.9753498,0.5238318,0.7591705,2
0.1102999,0.06666667,0.1287599,0.01657912,2.306617,9.89755,0.007843138,0.254902,0.2470588,0.98842,0.4939898,0.07619976,0.98738,6.114408,2.687371,0.1822529,108409,0.836211,1.19587,0.9482113,0.6496677,0.738652,2
0.5250025,0.5322581,0.157559,0.02482485,-0.08948378,2.602257,0.3129032,0.733871,0.4209677,0.9478565,0.2466623,0.1972885,0.9243948,7.311711,2.774936,0.1757682,40111,0.8967291,1.115164,0.9813809,0.7711616,0.7928329,2
0.1038745,0.0627451,0.1056247,0.01115657,1.876113,7.777018,0.01176471,0.254902,0.2431373,0.9873831,0.5209081,0.09669918,0.9812629,6.107918,2.779242,0.1669422,104204,0.8129328,1.230114,0.9637008,0.7700644,0.7920644,2
0.1203189,0.02352941,0.1913027,0.03659671,2.144836,7.190032,0.003921569,0.3921569,0.3882353,0.9849568,0.4552881,0.05991488,0.9893337,5.355852,2.416894,0.2543895,102746,0.8811435,1.134889,0.96744,0.6691352,0.7686657,2
0.4452747,0.4505929,0.144295,0.02082105,0.2749238,2.848591,0.256917,0.6324111,0.3754941,0.936946,0.2507949,0.2325617,0.9270867,7.161995,2.696048,0.1855501,9323,0.9306809,1.074482,0.9859349,0.7428467,0.7788638,2
0.1293621,0.08235294,0.1596267,0.02548068,3.101251,12.96145,0.02745098,0.2745098,0.2470588,0.9859932,0.5129339,0.07406726,0.9868426,5.877519,2.721654,0.1826837,120745,0.9527121,1.049635,0.9844359,0.5680944,0.7738477,2
0.5556262,0.5726141,0.1430454,0.02046197,-0.6922788,3.882481,0.3651452,0.7219917,0.3568465,0.9472635,0.3094338,0.2551006,0.8878138,7.047855,2.590277,0.2007018,16206,0.9481153,1.054724,0.9831352,0.2982567,0.7980892,2
0.1464183,0.09411765,0.1419496,0.02014969,3.191199,14.22657,0.06666667,0.2784314,0.2117647,0.9890931,0.4908195,0.05029453,0.9915656,5.825315,2.831039,0.1598308,133993,0.932122,1.072821,0.9756298,0.3155366,0.7473285,2
0.4090196,0.3764706,0.1655507,0.02740704,0.8044592,3.204551,0.227451,0.6760784,0.4486274,0.967748,0.2945519,0.09710122,0.9746273,7.279502,2.830631,0.1657623,124111,0.8519566,1.173769,0.9501684,0.4556104,0.7367649,2
0.2725119,0.276,0.136564,0.01864973,0.3310111,2.864148,0.084,0.444,0.36,0.9705009,0.2861075,0.1485953,0.9689235,7.037765,2.74987,0.1794359,63020,0.7534965,1.327146,0.9363902,0.6967766,0.7465056,2
0.3428158,0.2941177,0.1706435,0.0291192,0.8694811,3.602598,0.1529412,0.5803922,0.427451,0.959937,0.2280458,0.2301957,0.9526311,7.044596,2.825745,0.1681555,9198,0.8812954,1.134693,0.981434,0.7783622,0.7258523,1
0.2292363,0.2078431,0.1448422,0.02097927,0.8838816,3.92861,0.0627451,0.4235294,0.3607843,0.9718989,0.3095368,0.1065996,0.9777173,7.075714,2.736922,0.1791958,155152,0.9742969,1.026381,0.9915767,0.3526779,0.7838929,2
0.2381774,0.2,0.1552295,0.02409621,1.426988,5.065466,0.07450981,0.4784314,0.4039216,0.9635881,0.3077462,0.1316468,0.9771698,6.969744,2.758839,0.1780668,105624,0.9116841,1.096871,0.9746879,0.7087634,0.721939,2
0.1099822,0.03137255,0.1821817,0.03319018,2.566476,9.082604,0.01176471,0.3098039,0.2980392,0.9836751,0.5851625,0.07375278,0.9808387,5.250051,2.40811,0.2620922,133361,0.8321173,1.201754,0.9625686,0.793026,0.8728157,2
0.4790447,0.5060729,0.1939133,0.03760236,-0.1581932,2.152723,0.1902834,0.7246963,0.534413,0.9501755,0.2101765,0.1792278,0.9473833,7.503726,2.641975,0.1979823,27919,0.953038,1.049276,0.9845194,0.5111213,0.7759804,2
0.2671425,0.2666667,0.07354895,0.005409448,0.6615884,5.690813,0.1764706,0.3568628,0.1803922,0.9734719,0.3138719,0.1089921,0.979935,6.219663,2.83085,0.1643351,99458,0.8070678,1.239053,0.931089,0.6605844,0.6594396,2
0.06267105,0.02352941,0.1014311,0.01028826,3.611224,19.43103,0.01176471,0.1647059,0.1529412,0.9892246,0.5489869,0.07487544,0.9877903,4.473295,2.302693,0.3002916,94216,0.9462482,1.056805,0.9888329,0.5770438,0.7383699,2
0.1391538,0.1333333,0.06433975,0.004139604,1.60382,9.048637,0.06666667,0.2117647,0.145098,0.9882779,0.5472636,0.08931804,0.9851663,5.888669,2.661328,0.1871965,85547,0.9341399,1.070503,0.9876012,0.6739151,0.7440034,2
0.1841656,0.1463415,0.1237299,0.01530908,1.663525,6.823239,0.06910569,0.3495935,0.2804878,0.971925,0.3614224,0.1963814,0.9688769,6.501027,2.588775,0.2003082,13815,0.9248207,1.081291,0.9883388,0.7423203,0.6901978,2
0.2331502,0.1417323,0.2402208,0.05770601,0.9223775,2.68464,0.003937008,0.6456693,0.6417323,0.9701033,0.292034,0.1372101,0.9721792,6.996012,2.78479,0.1710989,35453,0.948795,1.053969,0.9862301,0.5870054,0.7932385,2
0.1872305,0.1294118,0.1939075,0.03760011,1.491702,5.421126,0.003921569,0.4509804,0.4470588,0.9728951,0.3312413,0.1073118,0.9828529,6.87618,2.71068,0.1796204,80090,0.7493673,1.334459,0.9300246,0.6703032,0.6845299,2
0.1001365,0.07843138,0.09125683,0.008327809,3.861838,24.24638,0.03529412,0.172549,0.1372549,0.9867672,0.5341886,0.1151205,0.9818144,5.789547,2.848029,0.1616453,63139,0.9208916,1.085904,0.9850539,0.6723061,0.7243702,2
0.3126327,0.3029046,0.1032091,0.01065212,0.7068946,4.24677,0.1908714,0.4439834,0.253112,0.9501443,0.3058098,0.2102224,0.9593419,6.61016,2.736708,0.1818677,15359,0.7325211,1.365148,0.96994,0.9013342,0.6326825,1
0.1332407,0.1265306,0.07027318,0.004938319,1.631335,11.05828,0.05306122,0.2163265,0.1632653,0.9784727,0.5440075,0.210205,0.9625672,5.969007,2.836158,0.1610371,22883,0.9921572,1.007905,0.9918513,0.4353807,0.7697975,2
0.2817061,0.2745098,0.1220604,0.01489874,0.5682448,3.653008,0.1294118,0.4431373,0.3137255,0.9565611,0.2826664,0.1405431,0.968143,6.953489,2.575387,0.2115309,62255,0.8514321,1.174492,0.9743786,0.7563807,0.7752416,2
0.1997069,0.1862348,0.1184957,0.01404123,0.537549,3.20049,0.048583,0.3603239,0.3117409,0.970049,0.3206475,0.1598729,0.9729837,6.782036,2.733474,0.179524,40715,0.9139636,1.094136,0.9824337,0.6837648,0.7013056,1
0.182391,0.172549,0.07559388,0.005714435,1.995933,12.05133,0.1019608,0.2588235,0.1568628,0.9773065,0.4153303,0.1097502,0.984154,6.08042,2.73354,0.1801438,66210,0.8585883,1.164703,0.9648088,0.7817307,0.6507445,2
0.08634011,0.03149606,0.1298733,0.01686708,2.479537,9.354589,0.007874016,0.2637795,0.2559055,0.9878954,0.4441079,0.08021678,0.9888066,5.527046,2.780074,0.1684412,116477,0.5739937,1.74218,0.8826824,0.7722475,0.6318151,2
0.1334523,0.04313726,0.201056,0.04042352,2.274753,8.151252,0.003921569,0.3960784,0.3921569,0.981005,0.450258,0.09461468,0.9832482,5.908892,2.559332,0.2167713,70677,0.7701362,1.298472,0.9250069,0.8594853,0.7717936,2
0.1078483,0.06639004,0.1158039,0.01341055,1.998041,8.778306,0.01244813,0.2572614,0.2448133,0.9854082,0.5392601,0.09949955,0.9798566,5.695605,2.563325,0.2170274,67560,0.8987213,1.112692,0.9835349,0.6662186,0.8058783,2
0.1921897,0.1792829,0.07248959,0.00525474,1.022733,5.898392,0.1075697,0.2868526,0.1792829,0.9750816,0.3804073,0.1418951,0.9759799,6.11278,2.829341,0.1636234,57947,0.8971967,1.114583,0.9631187,0.5869641,0.7261529,2
0.1914066,0.1254902,0.1863135,0.03471271,1.193221,4.071429,0.01568628,0.454902,0.4392157,0.9753292,0.3181901,0.1135118,0.9818378,6.806818,2.748183,0.1742201,35792,0.8037257,1.244206,0.9392747,0.7651075,0.6681102,2
0.4568423,0.4409449,0.1796886,0.03228799,0.4608356,2.688813,0.2362205,0.7047244,0.4685039,0.9539438,0.2347502,0.1856685,0.9460785,7.480148,2.564093,0.2087339,37584,0.8994045,1.111847,0.9703354,0.3806171,0.7628481,2
0.4523424,0.4509804,0.1118459,0.01250951,0.7383618,6.419857,0.3254902,0.5686275,0.2431373,0.9563507,0.3134972,0.1261731,0.9639242,6.756027,2.808082,0.1719796,68158,0.8836482,1.131672,0.9771757,0.7620184,0.7072166,2
0.2599974,0.2470588,0.09009358,0.008116853,1.041457,6.24267,0.1607843,0.3764706,0.2156863,0.9729986,0.2978812,0.1150821,0.9792969,6.453796,2.856566,0.1602333,95769,0.8068727,1.239353,0.9257784,0.6957897,0.6860735,2
0.32402,0.3137255,0.1029575,0.01060024,0.7281469,3.977729,0.2039216,0.4627451,0.2588235,0.9524819,0.3407996,0.2700801,0.9291713,6.632607,2.774228,0.1735048,8045,0.9559963,1.046029,0.9867533,0.6823356,0.7903527,1
0.3351564,0.2470588,0.223081,0.04976515,0.7708569,2.602921,0.09803922,0.6705883,0.572549,0.9641047,0.2356625,0.1150569,0.9778158,7.508112,2.716216,0.1872349,135218,0.8221173,1.216371,0.9611538,0.819752,0.7406162,2
0.2706165,0.2588235,0.08678972,0.007532455,1.702616,9.344894,0.1803922,0.3764706,0.1960784,0.9561715,0.2859859,0.2141016,0.96039,6.300204,2.765821,0.1766979,23202,0.836866,1.194934,0.9539512,0.6872998,0.6777275,2
0.2150832,0.1968504,0.1312737,0.01723278,0.7659761,3.091053,0.07086615,0.3976378,0.3267716,0.9740208,0.3110256,0.1254936,0.979921,6.81848,2.829482,0.1681938,26936,0.821998,1.216548,0.9555839,0.748795,0.6494671,1
0.1456786,0.07843138,0.1610873,0.02594911,1.46676,4.449734,0.01568628,0.4039216,0.3882353,0.9867085,0.3830501,0.05963317,0.9907308,6.397187,2.72385,0.1802516,123975,0.8871335,1.127226,0.9652292,0.5148795,0.6818182,2
0.3506278,0.3411765,0.1103462,0.01217629,0.5423405,3.491414,0.2156863,0.4941176,0.2784314,0.9766157,0.3460688,0.08744581,0.9809055,6.81585,2.789907,0.1701799,68910,0.8559001,1.168361,0.9669544,0.7583779,0.6598679,2
0.3065766,0.2946058,0.1058115,0.01119607,2.375254,13.58054,0.2033195,0.4107884,0.2074689,0.951352,0.3255163,0.2806121,0.9410886,6.375196,2.634262,0.1980547,11986,0.839335,1.191419,0.9764562,0.8225688,0.6885735,1
0.08767153,0.03529412,0.1378416,0.01900032,3.040041,14.63225,0.003921569,0.2470588,0.2431373,0.976313,0.4606151,0.1579514,0.9766018,5.338693,2.716019,0.1844714,23400,0.8980891,1.113475,0.9696668,0.3465827,0.6837907,2
0.1372143,0.1220472,0.07654931,0.005859796,5.244107,46.09489,0.07874016,0.1968504,0.1181102,0.9681608,0.5749533,0.4576044,0.9183722,5.598422,2.986681,0.1420078,4710,0.9574899,1.044397,0.9783964,0.5941427,0.7787699,2
0.03823922,0.01176471,0.08663905,0.007506326,4.865267,31.91185,0.01176471,0.07058824,0.05882353,0.9905547,0.6126157,0.06437769,0.9877639,2.741209,1.581514,0.5234204,128627,0.9128937,1.095418,0.9761256,0.6426504,0.7922333,1
0.1060887,0.07058824,0.1108689,0.0122919,3.438699,16.9113,0.03921569,0.2078431,0.1686275,0.9842545,0.5261059,0.07487907,0.9874805,5.667719,2.892375,0.1532613,67829,0.8932428,1.119516,0.9618679,0.7373607,0.7468838,2
0.247094,0.2377049,0.1225908,0.01502851,0.6405365,3.583291,0.102459,0.4057377,0.3032787,0.9553382,0.2941424,0.2438962,0.9425501,6.864337,2.66584,0.1906209,25039,0.9670581,1.034064,0.9903492,0.595157,0.8126907,1
0.09363402,0.05511811,0.1054868,0.01112747,3.137809,15.68109,0.02362205,0.2165354,0.1929134,0.9867522,0.5368212,0.0821913,0.9856226,5.643651,2.756192,0.1719114,95327,0.9194111,1.087653,0.9861788,0.5882318,0.7628113,2
0.1442846,0.1067194,0.1237044,0.01530279,2.401764,10.42846,0.04347826,0.284585,0.2411067,0.9843133,0.435379,0.0994871,0.9848507,6.373719,2.811299,0.1668441,77378,0.749213,1.334734,0.8929124,0.6869041,0.6893117,1
0.2293178,0.184,0.1368677,0.01873278,1.099049,3.598554,0.096,0.444,0.348,0.9736463,0.3174334,0.120898,0.9811509,6.803548,2.839542,0.1651628,70304,0.7137398,1.401071,0.888159,0.8841371,0.6401515,2
0.5030359,0.472441,0.2100563,0.04412367,0.4064698,2.104779,0.2559055,0.8070866,0.5511811,0.9361707,0.2039768,0.1986887,0.9346464,7.555344,2.645596,0.1983051,16104,0.9658838,1.035321,0.9859189,0.5794761,0.8159295,2
0.3597508,0.3568628,0.1084294,0.01175694,0.3921042,5.735473,0.2392157,0.4901961,0.2509804,0.9669821,0.3741853,0.1539148,0.9641593,6.752178,2.762905,0.1771383,32540,0.9530907,1.049218,0.9883068,0.2394292,0.6724391,2
0.2044592,0.2,0.09986589,0.009973196,0.6795059,3.869294,0.08,0.328,0.248,0.963313,0.3205737,0.1999674,0.9654912,6.577845,2.603562,0.2017768,27596,0.88517,1.129727,0.9786162,0.8008606,0.7171704,1
0.1925645,0.1673307,0.1160996,0.01347913,2.661477,12.23349,0.09561753,0.2948207,0.1992032,0.9669726,0.4213922,0.1760651,0.9700984,6.3208,2.82507,0.1666459,28002,0.9042562,1.105881,0.9820784,0.7227232,0.7434686,2
0.1285435,0.1170732,0.04947577,0.002447851,2.524387,14.33298,0.08780488,0.1853659,0.09756097,0.9893168,0.5362761,0.106691,0.9838039,4.876142,2.682065,0.1809023,104549,0.567644,1.761668,0.878696,0.8615252,0.7053161,2
0.07528371,0.02745098,0.1141552,0.01303141,3.178631,16.73651,0.007843138,0.2078431,0.2,0.9904386,0.4883687,0.05403071,0.9921809,5.386026,2.383534,0.2557761,143145,0.8139699,1.228547,0.9414771,0.7416484,0.6722316,2
0.2895518,0.2811245,0.1326014,0.01758313,1.231929,5.464247,0.1365462,0.4216867,0.2851406,0.9660269,0.2959834,0.1347513,0.9655101,6.840652,2.871652,0.1594501,52522,0.9458188,1.057285,0.9860138,0.6563376,0.812154,2
0.2086662,0.1666667,0.1401792,0.01965022,1.214366,4.283521,0.075,0.4083333,0.3333333,0.9698766,0.3375887,0.1631472,0.9692249,6.671739,2.786702,0.1735083,22157,0.8308445,1.203595,0.9665838,0.743387,0.7628245,1
0.1295425,0.03529412,0.2178614,0.04746361,2.563771,9.260993,0.003921569,0.3568628,0.3529412,0.9827704,0.4605218,0.07085256,0.9885942,5.706226,2.523987,0.2257029,111347,0.8103338,1.234059,0.9354847,0.8137087,0.7426104,2
0.8456519,0.8503937,0.07770985,0.006038821,-0.6314176,4.141009,0.7440945,0.9409449,0.1968504,0.9691592,0.4272201,0.08624216,0.8769243,6.250376,2.839613,0.1656718,7445,0.8570166,1.166839,0.978061,0.8492193,0.7118952,2
0.2383924,0.233871,0.1181314,0.01395503,1.059172,7.810504,0.08870967,0.3709677,0.2822581,0.9577471,0.2852252,0.2409955,0.9549078,6.732367,2.683068,0.1893672,21035,0.9359734,1.068406,0.9903484,0.7144763,0.7240964,1
0.2966558,0.2784314,0.1396932,0.0195142,0.8137382,3.869791,0.1372549,0.4862745,0.3490196,0.9574153,0.2863992,0.1835844,0.9682546,7.085578,2.719511,0.1890953,18890,0.718392,1.391998,0.9573282,0.9037861,0.5834569,1
0.1639503,0.1372549,0.1017594,0.01035498,2.353645,10.17124,0.08235294,0.2862745,0.2039216,0.9882464,0.4408987,0.07427884,0.9886182,6.159224,2.754878,0.1700843,133993,0.800913,1.248575,0.9308819,0.5675118,0.6920411,2
0.4434193,0.4596774,0.1997691,0.03990771,-0.2290656,2.43789,0.1572581,0.6895161,0.5322581,0.9543455,0.2483511,0.1563477,0.9634436,7.575301,2.518043,0.2220316,27981,0.8021776,1.246607,0.976036,0.8731295,0.6026751,1
0.1494867,0.1019608,0.1018269,0.01036872,1.220819,3.956015,0.05882353,0.3019608,0.2431373,0.9866195,0.3964616,0.09527821,0.9869954,6.10716,2.638202,0.1981844,55882,0.7041366,1.420179,0.979355,0.8741155,0.5244871,2
0.3179748,0.2745098,0.1711849,0.02930425,0.9081616,3.230786,0.1333333,0.572549,0.4392157,0.9734285,0.2486272,0.1075899,0.9769216,7.287238,2.812159,0.1663636,173235,0.9221854,1.084381,0.9758344,0.6468284,0.7587976,2
0.2416977,0.2244094,0.08499812,0.00722468,2.615231,15.1367,0.1614173,0.3385827,0.1771654,0.9533693,0.2952804,0.2277969,0.9629432,6.047961,2.988699,0.141941,15743,0.7874945,1.26985,0.9494602,0.8179611,0.6685777,2
0.725569,0.7568628,0.1639139,0.02686776,-0.9309787,3.564907,0.4901961,0.9098039,0.4196078,0.9507388,0.2511949,0.1986756,0.8890562,7.228768,2.726145,0.1836274,11744,0.905268,1.104645,0.9665844,0.2758791,0.6847015,2
0.0779697,0.007843138,0.1369583,0.01875758,2.94409,14.09486,0.003921569,0.2588235,0.254902,0.9803007,0.4614383,0.1019851,0.9844144,4.438017,2.29211,0.2922783,52656,0.821029,1.217984,0.9469141,0.800675,0.6996173,2
0.284373,0.2705882,0.1578512,0.02491701,0.3428391,2.367274,0.08627451,0.5058824,0.4196078,0.9739599,0.3190495,0.1026767,0.982901,7.265841,2.742235,0.1811246,40865,0.7012168,1.426092,0.9148812,0.8893493,0.5261701,3
0.3216121,0.2844827,0.2186247,0.04779675,0.5465705,2.248934,0.06465517,0.6508621,0.5862069,0.9634995,0.2276144,0.1493842,0.9688515,7.339155,2.681597,0.1892159,25118,0.9677665,1.033307,0.9904965,0.5951244,0.7647668,1
0.1023725,0.08627451,0.06355667,0.00403945,2.244208,14.28069,0.04313726,0.1803922,0.1372549,0.9873608,0.5801485,0.1330374,0.9767044,5.726626,2.816877,0.1658051,53376,0.8856006,1.129177,0.978317,0.8057315,0.7655766,2
0.2130552,0.2007874,0.07773759,0.006043133,1.152849,7.401252,0.1259843,0.3070866,0.1811024,0.974354,0.3530231,0.1174225,0.9757912,6.206172,2.877991,0.156446,106711,0.9418893,1.061696,0.9938346,0.7044517,0.788501,2
0.4948393,0.492126,0.1852976,0.03433519,0.1823591,2.075585,0.2598425,0.7362205,0.476378,0.9537624,0.2337098,0.2189272,0.9308296,7.463901,2.790648,0.1700867,16328,0.9680182,1.033038,0.9827265,0.4382742,0.7608574,2
0.08811165,0.04705882,0.1052322,0.01107382,2.432704,10.29507,0.01176471,0.2196078,0.2078431,0.9882206,0.4865879,0.09723998,0.9854748,5.807332,2.655921,0.1956453,83732,0.6420418,1.557531,0.8966226,0.9070489,0.6890162,2
0.3036275,0.2738095,0.1183193,0.01399947,1.965313,7.97849,0.1984127,0.4484127,0.25,0.9538741,0.2992209,0.2000594,0.9625813,6.516407,2.728837,0.1830977,14644,0.7929997,1.261034,0.9514033,0.8606861,0.5983981,1
0.2588349,0.2524272,0.1099993,0.01209985,0.6714868,4.360886,0.1165049,0.3932039,0.276699,0.9448641,0.2776889,0.4370684,0.9093272,6.433237,2.730596,0.1813293,6116,0.7803631,1.281455,0.9731106,0.8858476,0.7527385,1
0.07558864,0.01960784,0.1227085,0.01505738,2.809555,12.72424,0.003921569,0.227451,0.2235294,0.9904737,0.4651998,0.07232532,0.98985,5.081492,2.295013,0.2834069,101929,0.8090882,1.235959,0.9284335,0.7305355,0.6449243,2
0.05637628,0.02,0.09314188,0.008675409,3.437071,19.19778,0.004,0.156,0.152,0.9918988,0.482891,0.08701172,0.9883052,5.03623,2.31038,0.2915777,91666,0.8629189,1.158857,0.9898494,0.7342149,0.6168807,2
0.2064627,0.02352941,0.300245,0.09014706,1.279106,2.973248,0.01176471,0.7803922,0.7686275,0.9788136,0.3613342,0.09205863,0.9847237,5.375982,2.293868,0.2943904,89951,0.8189268,1.22111,0.9194999,0.530523,0.7505173,2
0.08041812,0.05179283,0.08495932,0.007218086,3.504026,17.67509,0.0438247,0.1673307,0.123506,0.9920028,0.5502208,0.08466863,0.9852397,4.285583,2.711937,0.1875583,142953,0.9349566,1.069568,0.9802178,0.4678879,0.7612386,2
0.2906839,0.2690763,0.1147745,0.01317318,1.822459,7.817376,0.1767068,0.4096386,0.2329317,0.9577638,0.2931894,0.2546134,0.9375448,6.504576,2.787812,0.1703989,16771,0.9590348,1.042715,0.9869358,0.5993162,0.8059881,1
0.3017457,0.2827004,0.1087748,0.01183197,0.6136771,4.132884,0.1772152,0.4599156,0.2827004,0.9705142,0.3144885,0.1309416,0.9715899,6.638922,2.782445,0.1643731,102385,0.9429542,1.060497,0.9854376,0.4792783,0.7288434,2
0.125779,0.108,0.07291541,0.005316657,3.858594,32.76913,0.064,0.204,0.14,0.9859078,0.5195872,0.1340863,0.9800682,5.693032,2.783247,0.1667266,58803,0.91462,1.09335,0.9757405,0.6218465,0.6945291,2
0.3747385,0.3818898,0.1384673,0.01917318,0.05068023,2.241884,0.1850394,0.5472441,0.3622047,0.9602379,0.25396,0.1379536,0.9678137,7.079891,2.798455,0.1734051,104634,0.810611,1.233637,0.9555355,0.8176537,0.7197474,2
0.2230458,0.2086614,0.08392054,0.007042657,1.518811,8.704215,0.1377953,0.3188976,0.1811024,0.9715977,0.3407563,0.1162212,0.9753332,6.27146,2.823071,0.1664403,100636,0.8994833,1.111749,0.983888,0.7309428,0.7950639,2
0.1172957,0.0562249,0.1594178,0.02541403,2.424405,9.822727,0.004016064,0.2971888,0.2931727,0.9859814,0.4472898,0.0680656,0.9894541,6.021748,2.623623,0.2010145,85115,0.8132781,1.229592,0.9498276,0.7211391,0.703965,2
0.2561575332616874,0.24890524835669076,0.1100907446061001,0.012120174752453285,0.8255736379823235,5.149462458502384,0.11750054075215328,0.38708757560426477,0.26958703485211144,0.9452974752993908,0.2884799134166315,0.43781671657166465,0.9090110457200401,6.3745936986434515,2.7386082796693456,0.17996175917799012,6114,0.7882927940627138,1.271048687927673,0.9736399039905708,0.8725660270720824,0.7560992307917427,1
0.22118733224590262,0.2047067530483612,0.10849438764776458,0.01200215955773895,3.5466696158924718,21.894156608246423,0.12806169174569293,0.30199762208019376,0.17393595876101642,0.9317295147992181,0.3333762190288284,0.5803892741906957,0.899086717911717,6.017840471559451,2.8088734339904384,0.16804647749725274,2780,0.8578734379543266,1.1709250801413738,0.9681580255798702,0.7643745946843706,0.7188644651085904,1
0.2672204402542993,0.24057424191038632,0.1192446420559099,0.01437949248730301,1.9555720086300599,8.285209291853485,0.15844767158336479,0.3895980892795055,0.23115032767631458,0.9602558937724327,0.3099976650754712,0.24159971901097088,0.9423911613436782,6.217474896612874,2.7603731752983207,0.17796569040524443,16779,0.9445522813766615,1.0609435657975113,0.98698114325663,0.6280608417403134,0.7852542444223795,1
0.2011091288977567,0.1451306004131407,0.1541945616133203,0.024026639809780738,1.4262131825266706,4.762662706944314,0.06789308625766342,0.4287926297544365,0.3608995127432179,0.9710038935301374,0.35335705818941493,0.15775772733066204,0.9715687602374539,6.662427702179457,2.747360734267426,0.17910347001951152,22181,0.7957869848288681,1.259776473185591,0.9447410435348383,0.7915385002727393,0.7487770228883933,1
0.17798529461952295,0.16300521874892013,0.11325845452681596,0.012833477410513138,1.4060050495653287,7.420107969025316,0.04606906213830647,0.31275027884751694,0.2666812467951706,0.9672569393144986,0.3766455941978267,0.23247688595196148,0.9618843750311898,6.634534495123012,2.695580253222595,0.18968890716145884,21327,0.9229380333706954,1.0835501850124951,0.9732604012451915,0.6413167387049107,0.7070309925917654,1
0.13756859794334825,0.11292758971292333,0.11127240689286721,0.012728427488869213,1.656486672878441,8.43651577201842,0.026216127722642604,0.2763004020201648,0.2500842832551582,0.9744674430790878,0.48928600811107037,0.18712267336346572,0.9644220161291283,6.244735659330214,2.7621122825239044,0.17147805342570527,23800,0.9614230376994578,1.0402749573799965,0.9874440497971241,0.6052353037434585,0.7744187958582975,1
0.21494101174220703,0.17667948231855063,0.15669590423560043,0.02558960733388729,1.215081031810716,4.935250660902072,0.06087945210291171,0.4310265743518876,0.3701471174952737,0.9740552242899586,0.3265689303609088,0.1290380197042852,0.9788449212203602,6.7065360270860594,2.798760998341857,0.16897601247202304,19885,0.8445580885035864,1.2049509160987293,0.9658804827421819,0.6994037355426778,0.6416858748828155,1
0.1761685409078983,0.13578299189554413,0.1333777621506776,0.021485153023979412,2.0237006322524724,9.795053169374475,0.08421706779395458,0.35029773039356316,0.26608065386512003,0.9726071450628776,0.40795764019216013,0.14907006834573863,0.9759623344701742,5.710388194796495,2.617296400690389,0.20519605243793912,21841,0.8256696971330455,1.2415574449602613,0.9467871151452576,0.6693565830571122,0.6495636994150578,1
0.2089163396418452,0.18775629021426554,0.10585978894286767,0.011687061344443424,4.255076713297523,34.03759733634515,0.12291362073892664,0.3009264257188282,0.17801280497990163,0.946078571518638,0.3387458110818333,0.3640054566569631,0.9346791802751877,5.958510382151214,2.712670241255409,0.1851216345897111,7086,0.8700694448836166,1.1654325358468203,0.9789279995238017,0.7385140056297199,0.716710859840934,1
0.29501011427476,0.2670500992192623,0.11285151712806477,0.012920151846270144,2.026930106407728,8.8786547943346,0.19389769208626847,0.43219495063466473,0.23829725854839626,0.9537064145946225,0.30013700431271867,0.21082494235668806,0.9602642179132302,6.445415952002754,2.7349140807153667,0.18159101145149117,14607,0.814539478996131,1.2323694792165336,0.9558410486222634,0.8267393147828253,0.6216559054946827,1
0.1831721408382187,0.15819011309862754,0.11226334834229874,0.012788880737388441,2.511424240377452,14.001155817531432,0.07948368129767638,0.30678636957771627,0.22730261641256125,0.9612524611839932,0.39294559590162886,0.35114362925423087,0.9408627233639493,6.340704843526948,2.7833784461792166,0.16984186607563057,9709,0.9136250762355492,1.0996028899131776,0.9810008037931751,0.6790034600208649,0.7317736493839347,1
0.3602029385005692,0.3574173945394896,0.1608483224430321,0.02642353567079527,0.5691652564298306,3.7347151890812214,0.1529412,0.5515303243701756,0.3985891243701755,0.9499364310349181,0.26078952461863414,0.24341464913608052,0.9403091847329011,7.181048476338166,2.683490945732538,0.19238963321031655,9059,0.8768092240058426,1.155907484916814,0.9728337614385729,0.6511686353934197,0.7735553555356349,1
0.3809396622188869,0.364552188134694,0.14012025846685247,0.019651022315631622,0.6304017683420986,4.039838109675946,0.22239469702052345,0.5655047893556019,0.3431100923350785,0.9530461905107507,0.31828547263784956,0.18254649491189107,0.9443608590840525,7.1012972948230635,2.665206636744972,0.19247483765108603,21754,0.9358726092865489,1.0685239193868044,0.975400639086554,0.6435986442137471,0.8105526855934844,1
0.15722223872479243,0.13033284158861977,0.12974041881432585,0.017056394887263057,1.5058940759921327,6.529009529610942,0.031952589367322384,0.32278958737388164,0.29083699743509495,0.9790886312923794,0.38294951270549316,0.13024990679140586,0.9817862891617343,6.495147319882891,2.79562808390295,0.16915961271747496,19853,0.7508013894033818,1.3369891864680015,0.9530981834669652,0.8379127226263172,0.5587412227655179,1
0.17732923403926076,0.1483287418064828,0.12817106336879375,0.01653074988441891,2.00796444378495,9.151882455580063,0.06478645993052373,0.3270463004878198,0.26225984857998674,0.9643280512173381,0.34335589986640713,0.20431036289030763,0.9672320954621401,5.956798020690971,2.7698156628955877,0.1806258813128918,18051,0.8358050479891852,1.1971330541659004,0.9699343634934138,0.8385337683883497,0.6525460363814615,1
0.37015091560342017,0.34193421332353086,0.1380005745770373,0.019808115519934992,0.4986345078990584,3.424953964326221,0.22110545189794337,0.555713904214195,0.3346085095861423,0.9757537532583224,0.3314853847841102,0.10097262026413598,0.9684779566060906,6.933225632378695,2.7466774049586693,0.1782960541696059,102410,0.8928348378493686,1.1205216480456648,0.9787907013807018,0.6586149707349157,0.773010894052944,1
0.0887897691529902,0.06848389060711624,0.07739337654447236,0.006465092327211177,3.9887044417521413,26.33548738480822,0.04001559966217855,0.15172846910340232,0.1117128893186504,0.9878116140566755,0.5740530680210052,0.08484790441808468,0.9812539597051712,4.357678163263842,2.1746226914620683,0.3417508215395266,88336,0.9345218488974067,1.0700699967421048,0.9802315482182621,0.5951501060527861,0.7812396606464864,1
0.2435201419599457,0.2336256035946857,0.13532240768694845,0.019410041993519082,1.7518462454373078,10.786922250257906,0.08691843988324661,0.3972949771846275,0.31037648978846183,0.9532207592576806,0.36468916325732204,0.3025999301150616,0.9368019479128741,6.656831072327742,2.6790219814515672,0.18801462432579824,11264,0.8889131062877862,1.1255833907421355,0.9676991468448871,0.6763063727849375,0.7805280930508879,1
0.35671486636985095,0.33177841405043224,0.11899034713444545,0.014827368378503698,1.3805122382357562,7.073549766329144,0.22862190956777367,0.5069637693928977,0.27834185982512394,0.953071313996127,0.3128310403092215,0.21100626449299553,0.9479058460851689,6.704075369025202,2.7105765323997857,0.1833234628052341,14192,0.9507035590235522,1.0518571268921757,0.9852540003322209,0.5696811211338398,0.7480037932505348,1
0.1201654038119857,0.081460280551002,0.09944706683705926,0.01019322191325008,1.344771100504092,5.291978505937012,0.026070728741377683,0.2663662103249458,0.2402954958033385,0.9853722747195345,0.45044424395211513,0.12407136495085885,0.9812453994140147,6.151386893251658,2.7286757941036153,0.17508587469390754,46156,0.9317591793045271,1.0736511915234697,0.9795412214363098,0.5257650460034199,0.6877513081348199,1
0.26277810062724644,0.23557388211063457,0.15272472830274245,0.023427430373695397,0.8914128602073313,4.107817482902121,0.09130761345924733,0.46822514881468486,0.3769175353554375,0.952720279535731,0.3011875601665161,0.23023481512730098,0.9562921427583243,6.988547578501681,2.8020342328151675,0.17391927644164792,11685,0.9318347030517976,1.0773303462652568,0.9794116980906038,0.5600342026756383,0.7195624340589495,1
0.3158539051763547,0.30004450062372395,0.10261963631104123,0.010599681994095412,1.1018818686210896,5.308584057027793,0.20670012313588385,0.4470907701555085,0.24039064701962468,0.9513365324115556,0.3201853755561394,0.20897144553846017,0.9559289776254148,6.52756376275873,2.6479635611218866,0.19196136700152389,14772,0.8716880546524846,1.1500009591536466,0.9802043951362099,0.8061234730232002,0.6697108770584999,1
0.21246975415413494,0.20279435624493558,0.11778688614202668,0.014320113404403152,1.0286396113848888,6.44865028578567,0.06931022187414942,0.365450992908639,0.2961407876948875,0.951682972943825,0.35005118459624673,0.3595948956276687,0.9243531631715742,6.632283814567607,2.727766190563741,0.18101281899726596,7899,0.9303368332724544,1.0765795566951732,0.9820625541704048,0.6223273498719891,0.7900717376538414,1
0.2211244076532608,0.14342385975138527,0.18737153668005424,0.03524583002701345,1.939590491098793,6.688743836230735,0.0845385238781317,0.4735549184879045,0.38901634927856243,0.9746926731587146,0.34427147339820485,0.11243874964476817,0.9835409005999204,6.522229952509713,2.6203954248975316,0.20084812888332135,16609,0.8008783007147411,1.2488188597497738,0.9541437849717058,0.864732174105507,0.6043375284662184,1
0.23805200680792127,0.22861431992377468,0.1191106427936176,0.014212574691358292,0.8336546067842396,4.69283250331627,0.09669163306139304,0.38661318235395553,0.28992155577946294,0.9563678657036834,0.29692012319439126,0.2340617670526012,0.9483261983065724,6.796863829625294,2.668907006518626,0.19069037470349934,25135,0.9591057114714864,1.042788556720021,0.9895838106194318,0.6266952070694815,0.7900557637571133,1
0.16461288751739533,0.14868202623731952,0.05892761713563347,0.003476688331696732,6.585098090823026,70.52580302702573,0.1300689039636701,0.2189305145936988,0.08886166452563096,0.9675642392358517,0.5239714877867546,0.4326754739462094,0.925032803239531,4.731248876481447,2.898886846041823,0.15328499277229526,4990,0.9812769718828314,1.020910250743339,0.98430788816384,0.5712888994744101,0.7595533514543208,1
0.2882471641014184,0.2649996797637283,0.14052062392646983,0.019747642814907828,0.8924439504939586,4.339113039905335,0.12659442587382289,0.4772545835817676,0.35066017701900953,0.9561434392740864,0.318286856345927,0.18166074009095776,0.954754892225988,7.0247403594715045,2.718194672678231,0.18439902059787872,21408,0.9367696500462747,1.0674999784141868,0.9811417132929462,0.614507220637979,0.7997547750357886,1
0.2631185853405546,0.24161644180830638,0.12561541106998936,0.015798672175096888,1.3086772683257355,6.229886205897197,0.13003378661000436,0.4172489164317932,0.28721513168522,0.9474215626971422,0.26924153797310457,0.24544469738399566,0.947793494431098,6.811324881111597,2.690591475323552,0.19030378921609836,25333,0.9642573436637351,1.037122480271762,0.9896684835423661,0.5968603118772847,0.7772021653161435,1
0.3535543803193006,0.35286650452906404,0.12466883944748482,0.015572256896021324,0.3964718952563363,3.978444299462514,0.18846570338254418,0.49875131723340355,0.31028561385085934,0.9592576276229117,0.3678657464938329,0.19473992769849013,0.941590013872871,6.791875983597066,2.645409142538171,0.19737190711515218,13398,0.8555781550562853,1.1715009231381361,0.9864284507025701,0.831542394868793,0.7999926343930404,1
0.5039422221247452,0.5015644559066079,0.12707690342987618,0.016197530359991778,0.10745120269970841,2.4336012447822992,0.33560898007940254,0.6738185284528716,0.33820958360445696,0.9639289497094982,0.2954900627906523,0.12122724120907802,0.9524554165440807,7.020702758964954,2.839993407252397,0.16517535341095974,85525,0.9179940033852765,1.0896464756109678,0.9758206408498835,0.6127197984206592,0.7830406074471303,1
0.22604670853319825,0.21029191800672176,0.08594691076435103,0.007386890098131343,3.118403939241653,20.9985292342943,0.15076038710915118,0.3134687365820036,0.16270834950407503,0.9475970248585325,0.3212652201904194,0.33537589998040784,0.9377369987532721,5.986773665656602,2.828643897214659,0.16730038806376082,7332,0.9926837124943445,1.0073743039945902,0.9890724377873565,0.594384858974756,0.7566595154614917,1
0.4961743943538004,0.49459755773459513,0.1314009021445343,0.01731519885573405,0.06076396161456956,2.365949121781763,0.3220640060009699,0.668772899222974,0.34670895796511847,0.9648654285050804,0.3002675448398912,0.12209619625940968,0.950618994965425,7.067893829596741,2.8430479123369414,0.16459765353627415,86310,0.9276885893538507,1.0782595167527975,0.9801078969671478,0.6259585841874767,0.8038704138355062,1
0.23064592823057306,0.20813995909320085,0.12706987886153745,0.01619238221432461,1.5040371765036873,7.140751473443092,0.09086789681648388,0.38154824934304515,0.29068036947874865,0.9671684372571274,0.3162248826573089,0.1621608748132411,0.9687374314098816,6.743616687837382,2.75227716592386,0.1786627544454835,29788,0.9174944487998845,1.0904120352247906,0.9772948388237703,0.6563059792378971,0.7398180224663136,1
0.15142662214020552,0.1303881703592264,0.09873577691650867,0.011408907720349661,2.0882054483576646,14.198970521709828,0.052033406632379646,0.2767752913449399,0.22474193318665053,0.9757625086357802,0.48876172252076266,0.2145433684786655,0.9622834655754943,6.252925940051229,2.689283007934392,0.1848627464350454,19863,0.9553211334249686,1.0467786232314336,0.9861406554357058,0.6174038219570688,0.7590085550441936,1
0.15438434164039802,0.12964462839665397,0.0964244384296351,0.009349846861463174,1.7625601257705157,8.203616444105023,0.057674960338436596,0.2770111297504003,0.2193362027074928,0.9666358161700905,0.4150034086925418,0.311363861252022,0.9490202670917877,6.299807102850968,2.651733644148369,0.198241586889558,9603,0.8654952080821129,1.1612012120413702,0.9828193174250427,0.8045512972138994,0.6936782997904231,1
0.21344477705640413,0.18680514229649012,0.13175313943360864,0.018916662290008268,1.0484813762953293,4.50041389838538,0.06345660778302663,0.39357747606717003,0.3301208734358437,0.9728448294636589,0.35632545740836175,0.14080945160817096,0.9738439717090954,6.717208754716173,2.6956596447863053,0.1855812985500708,45282,0.907056786026761,1.1038238980195192,0.9834668084682208,0.6344767816509247,0.7143246012958903,1
0.22458752250976877,0.17677714069288125,0.15554009848809527,0.02485699412789796,1.1707880164852171,4.6002054313412994,0.0677706901586161,0.4409158359749177,0.3731451696650222,0.9737300215168395,0.318669031024538,0.135395815372863,0.975530951772708,6.793595313426997,2.777507276249742,0.1720225271542069,30974,0.9465598999558554,1.058290688125368,0.984258481276483,0.6247400976344404,0.7289314701577156,1
0.2927451053982935,0.28212899412200304,0.11441628502357405,0.013217932686719239,1.5634072545121125,8.008710232991998,0.16868642382696292,0.41826007464079124,0.2495735777550617,0.9534222452850404,0.3057986437854308,0.24373733265034497,0.9464268576721776,6.646206349751456,2.7624150784851147,0.1768595510348286,13396,0.9330638107329627,1.0834408701012859,0.9773684363816402,0.48192355842663487,0.7413176871860933,1
0.16429927237764702,0.10079621677884977,0.154827657130227,0.025887432438769713,2.383437401803044,11.794426592056386,0.04447613038144787,0.3577421343011115,0.31326597368468456,0.9813100248575625,0.40127761531905964,0.07668506611377424,0.9869111571042067,5.7634123646705495,2.441432684741723,0.26752057029826337,109877,0.8714382956595629,1.1477303403616559,0.9671094728851265,0.5808892735304424,0.7285469728763958,1
0.21704585624415126,0.18876484245638195,0.10766684116165534,0.0116953467909625,2.359171667191614,10.290192658955437,0.13142850049614443,0.3348792888298174,0.20345078833367297,0.9541977030223736,0.38510594783723684,0.3758803102642622,0.9329484647961664,6.063668598969031,2.8707730831825864,0.15845211678909607,4444,0.9141191942608604,1.0954226741067794,0.9732597046717582,0.7058965600121401,0.7570640893797049,1
0.21476624866332664,0.20406298778193777,0.11374908421535154,0.01298277360485058,0.9878527998409481,5.8991995938980395,0.07612336580742324,0.355987389478054,0.279864015858273,0.9711397178245886,0.38633973530747384,0.1549401264862381,0.9750856479239758,6.692644679971805,2.6535778491591437,0.1982699794114772,22303,0.6579560121393611,1.5817283095020842,0.9598501231015126,0.8902131794374685,0.49705667737705156,1
0.37675447874479356,0.37417187041934086,0.1068281162817023,0.011994230122024978,0.5704300528625504,5.045030802662231,0.2429915115964739,0.5058165738250612,0.26282506222858726,0.9582643830624598,0.42547257817728695,0.18635703173799353,0.9408247984058116,6.701103199646052,2.7136013008590774,0.18581476661891955,18336,0.840470757876798,1.2026159424000835,0.9826279323393121,0.8206971266723067,0.7979131687611014,1
0.24319411067327618,0.22819362293471293,0.09084815729830077,0.008302451042231991,1.727104916469425,9.475870208498026,0.15133337914263295,0.35502824271320305,0.203694823186953,0.9490023542910151,0.2967531162906655,0.4313117539897626,0.9212388209131551,6.231738741365905,2.7442704444432224,0.17834998460792673,4506,0.8807318017119599,1.138606886035593,0.9692910705428787,0.7691346407214579,0.7123730515032646,1
0.16805879119151534,0.15067154931638962,0.08928258886010285,0.008011768884002577,1.437751227373551,7.157888469088771,0.07741581882145149,0.2825692110022926,0.2051533802340737,0.9608056322922615,0.38158563442694465,0.38612315631963845,0.9438915461548283,6.12121362884055,2.7157474800416472,0.18138950136065662,5745,0.7688570395636991,1.306699141266745,0.9131262410924091,0.8279823510887534,0.6298596332033215,1
0.253049059505272,0.22781903673559506,0.14199726716874664,0.020484401835919798,1.1462458288734874,5.537715558408575,0.08959351343241136,0.4297011544931241,0.34010766359986694,0.9646217979605362,0.2856879781706092,0.16789798085809698,0.9661726041426246,6.9402350305618015,2.7339267446422677,0.18096554628528194,29787,0.9409252842471421,1.0631785730339711,0.9830572663737815,0.6551413698282255,0.7585252594385595,1
0.1115547537604038,0.07273382419686847,0.1184773411067761,0.01424198171349965,2.90765676585943,15.721552667859154,0.020634122929694833,0.23393426811868262,0.21330010247031217,0.9855759904159441,0.5092720962495276,0.11156625771266035,0.9814056841932546,6.057515924084312,2.754596761229474,0.1743450254424642,49730,0.9273215358356276,1.078420039055397,0.9782683337168364,0.6408637237073086,0.7422699987955471,1
0.28750187143008726,0.23972631255979962,0.18058028967878775,0.032835282839509546,0.8888883525767863,3.1644479998844544,0.10576793155218853,0.5471097260943502,0.44134178757911885,0.9661320074504962,0.25918047458473653,0.1544134276626082,0.9713549946268989,6.996723328133369,2.800976941315908,0.16992315870377286,19946,0.9344060514059221,1.072456151877632,0.9754012340438678,0.5965127833652935,0.7175462936706339,1
0.16484038407766122,0.1482951319517769,0.08869733673930169,0.008792877835081663,3.227688536261625,21.741106864680983,0.09080458076955528,0.24934883380927886,0.1585442882230999,0.9836418865136398,0.5228416647366517,0.09216181882713707,0.9749826075347457,4.886185036398267,2.303010174651824,0.30777711332824526,88128,0.9354289534814785,1.0690357518574454,0.9811863535421759,0.6040568231811411,0.7903165765711965,1
0.2958608696003474,0.2836516469557372,0.13168385423195755,0.0175351599967982,1.2301486919349738,6.258086742970916,0.15169619580367755,0.43844632758540936,0.2867501317817318,0.9503039989899172,0.2794671344256582,0.2022137613289601,0.9603837389099573,6.907881846198393,2.760936853619496,0.1787042915527743,14597,0.8498384717196568,1.1772167042513662,0.9542611498703075,0.776797781108848,0.6861527788737821,1
0.2889213265272235,0.2859818927036397,0.1155366529002232,0.013350487655266401,1.3613952680861137,7.777257526313963,0.14902115582990355,0.4190567577765747,0.2700357016981245,0.953515460305272,0.29280395098282713,0.33551293779442926,0.9363631463723782,6.628762373577107,2.6660750194276,0.1928273192409951,5746,0.727475471953855,1.3746202921469213,0.9767230305880077,0.9133412621440226,0.6644810044357418,1
0.23192941744643222,0.214826275410886,0.09435172983926611,0.00949159696068506,1.3709389478476999,6.632060121926397,0.1360984179402735,0.34561416771296843,0.2095157471048848,0.9480694506858829,0.2986795509299618,0.2887367951254157,0.9506215659684079,6.242590431360867,2.7242540485363267,0.18325789271302928,10276,0.7860614490441996,1.2722332876342364,0.9726398579691022,0.8417398539844928,0.6784009567765991,1
0.35563958499636295,0.33874393392011093,0.16259358601561297,0.02649805724187663,0.938470325583563,4.588533859154064,0.16662518950148497,0.5642034962978815,0.3975783079656488,0.9612169107435304,0.2819239217266139,0.14699959970459342,0.9650818930489811,7.285745489502318,2.574958960629526,0.21123441227585016,43803,0.8869343621503228,1.1275788292678661,0.9834095672695764,0.7952065472797002,0.7490851850689326,1
0.22111063650094429,0.2062475452458576,0.12506851277747313,0.015711095211259213,1.0225528357945828,6.086089460840317,0.07181990427980563,0.3783339765230787,0.3065141340225328,0.9600597175480323,0.30951835066483546,0.22049453571633723,0.9575222009232106,6.792031077668208,2.669597494999535,0.19119804106472207,21312,0.9502686096639867,1.052672736241218,0.9880693641759557,0.5684452484044693,0.7504897031806835,1
0.3288976578210577,0.3179395006296615,0.17409507753432638,0.030378316149927878,0.5479403772685035,3.295871215219088,0.10273846391471017,0.5563775367149513,0.4536390728002411,0.9613689876174571,0.30456873050993555,0.13939568543344374,0.9744590966840155,7.421928256051193,2.5502226882371772,0.21864228823268875,23321,0.6611814005712694,1.5175765909863232,0.921119995236544,0.9321912729837654,0.5345354919546382,1
0.18838962704614504,0.15733477483131153,0.12401097608204215,0.01559145142404026,2.8302985748436393,14.416942242902735,0.09136629206303798,0.31292966417149115,0.22156338626344052,0.9640580860698484,0.39222355287170546,0.2958796522894678,0.9555248238379634,6.296347864906997,2.793614845005835,0.17146348289455282,10370,0.8130549915684584,1.2344704077372235,0.9817503682721243,0.8671620098373791,0.6402732619382376,1
0.1118982645986609,0.07499427304763118,0.12506537358685954,0.015653569100181213,2.752714092203404,13.03654723852707,0.01980606210819228,0.24075589562921496,0.22094986083399576,0.985667683941628,0.47133661128524257,0.0851416477842869,0.9866562888285477,5.920883918521929,2.7035103676276164,0.18289420473590728,60002,0.922823793454261,1.083696981198786,0.9860239027346641,0.7056626970635624,0.7117044157722083,1
0.19603185784028956,0.1825666717891149,0.09475772634005496,0.009087994532701715,1.0353873056041079,5.383267468729972,0.08680544205943039,0.3212162353235514,0.2344107864570665,0.9559713069941095,0.3405346904620681,0.39527322141562765,0.9348684257416024,6.286603515858782,2.711029121795058,0.18290976191741987,5864,0.7619377648373156,1.3127987632222908,0.9288083832375514,0.8589832190016653,0.66146216143666,1
0.26051047924399184,0.25350080095983574,0.083226772529685,0.007378656460053216,0.8953014791526724,7.427427540059828,0.16186481679120673,0.36623224228764856,0.2043674724029835,0.9592169163829383,0.3323115738837068,0.21066871574397375,0.9640990207363725,6.265114072291835,2.7856348064179395,0.17540843467956863,15570,0.7789560432983534,1.2889131431536176,0.9616094920127957,0.8202591978384921,0.6281085962153837,1
0.2498643153839936,0.22679487874143445,0.12150494339783989,0.014979314702974268,0.9050721354246897,4.516337039649,0.11697052485438664,0.412671446225344,0.2957009771936105,0.9679100540404297,0.34347682734685475,0.1571297197396434,0.9703220100811664,6.769516260398468,2.620476343626431,0.20019432969558645,19649,0.8680658416043276,1.1528738001380796,0.9794381052015,0.7991561437622641,0.6704981554259071,1
0.3244739504141204,0.31284077937737537,0.11433478068552022,0.014034129537922466,0.934989850633921,6.532564879489735,0.19362832167618388,0.4711750010535592,0.27754667937737537,0.9606984329240793,0.3322733882919218,0.16451246715006868,0.9577028836421396,6.751200975166897,2.6689001723789274,0.1921464391767932,21768,0.8343106641209528,1.2213207488982627,0.9462929599186526,0.7450101046135545,0.7006102476115978,1
0.25757369481208,0.2226108310830633,0.16337087738831352,0.026809664528196657,1.1917133095568315,4.589444249292127,0.08215154666723846,0.48470614353075214,0.40255461722867747,0.9662138807991167,0.30494694219346485,0.14163282876693645,0.9720686457679554,7.057255910735735,2.7217766170133193,0.1860444304610415,45848,0.8765741609898015,1.140815938887439,0.9706454073346655,0.7186620050115307,0.7298662046564894,1
0.4739145607162877,0.4474866485602004,0.14134533473063754,0.020222373210270653,0.6337087977157033,3.1013517724913986,0.31569901428856495,0.6758374730282476,0.3601384635908823,0.9431335640662,0.27738022382135086,0.24457064801210757,0.9128318802374124,7.0502031865951995,2.736814576760577,0.18047105563650043,9503,0.9611851517742784,1.043414515657457,0.9806557527429212,0.5262792463032077,0.7845439410211679,1
0.36618826282418954,0.35056111650513444,0.1198282640792336,0.01744931858728786,1.2239968181113579,7.805303330545609,0.23631646313566482,0.5204866184115313,0.28417015527586653,0.9596986003765932,0.35996912517379864,0.1740363998145849,0.9588328166909464,6.66038484590395,2.7700927211537287,0.17822550945264937,18341,0.8678487993985483,1.155127940617826,0.9608210312556755,0.7691424505381885,0.6918816001099274,1
0.22573774997699086,0.19704653049221407,0.1276012692136245,0.016287597027087864,1.4875141282654074,6.161786262682636,0.09569538133432948,0.3919685690150431,0.2962731997887106,0.9623188850346213,0.3166316825311943,0.20062899451117258,0.9642915124020117,6.758192892001131,2.779177675330349,0.17574154589049326,22274,0.8927743417041627,1.1308483705192425,0.9684664705009858,0.6959525055339661,0.7139913677300272,1
0.18637624797383684,0.17788263548173758,0.09674044031076785,0.009398565673518763,1.0126531005450574,5.947534992841847,0.071309913615973,0.30656654568549574,0.23525662616371545,0.9668132145036141,0.36438516376392216,0.19666363233349432,0.9657497562439706,6.456094813730711,2.6380690415234374,0.19592520800248986,27557,0.8956330038322624,1.1171295192902622,0.9797842505694956,0.763812840800353,0.7285466778744647,1
0.40949129070942236,0.37895007197486297,0.15350657823359787,0.023919679383907076,0.7440092025764596,3.424021994618747,0.23454564842882802,0.6118603446612285,0.37731474326246395,0.9557827917709573,0.2864609787128605,0.18443663791710396,0.9522188876617135,7.14729690186802,2.6262995382432837,0.2004871198035458,14144,0.9051384565907271,1.108171853622028,0.9687724746634159,0.6500792834569651,0.7007970171529059,1
0.14966860463525472,0.12072350575514981,0.11294836433287339,0.012776463915209858,1.8506672090096243,7.7695206796186245,0.04300724537327798,0.29216748059916964,0.24916019622050323,0.9851488950724332,0.45506944795879384,0.06761244006649085,0.9883638250866295,6.499063540337612,2.8454039596125082,0.16142046823585188,126625,0.8874433206692024,1.1269094587897384,0.9678858812231549,0.6193156862941945,0.7469233517751348,1
0.2710814083643572,0.25986579509861424,0.10675402083321735,0.011444602267760656,1.062240133815142,5.269336836876285,0.154365814529753,0.4030124703825967,0.24864665585284368,0.9600609468491601,0.30693018267730154,0.1958177882306231,0.9613327423810504,6.5677498837033115,2.786585064551893,0.17253029962622987,14891,0.8715874577896143,1.147817212655971,0.9820984831135225,0.8110684696820698,0.7065150735510185,1
0.3491212047234234,0.3262850028203264,0.11475338430481846,0.017010448653095082,0.7488581287363827,5.629248151277132,0.23081015931733873,0.5070398979347377,0.2762297331103553,0.9646276665617022,0.4819445840728265,0.17840107453939533,0.9419782772580444,6.547677091662491,2.7204667999451924,0.18390218186436602,18183,0.7812812381898137,1.2830386637586555,0.9795664862315884,0.8900969854816105,0.7899025386597419,1
0.2310506523852397,0.20930278763552124,0.10160637356291613,0.011099580545408714,1.145929899908692,5.388970082015697,0.12169233425502621,0.3708010227291356,0.24910868049065815,0.9579234445012004,0.353201513731912,0.3516485198935098,0.9397534917331939,6.4006902952748845,2.7081234748873557,0.1826435112514978,5719,0.7978388066660625,1.2668022776557248,0.9235324585408003,0.7893242765896162,0.6524787132512293,1
0.3098278852528386,0.2988553061473952,0.14228898747728108,0.02024695982490813,0.6619163401023178,3.610273565039995,0.13413392377702069,0.49671251993530796,0.36257859615828725,0.9651066900139275,0.2798284056673696,0.18828647026809692,0.960208492805509,6.932623283409611,2.7430930444475368,0.17970534422519305,22327,0.918524420761009,1.0906166534386332,0.9802563982597006,0.6863944570076248,0.7359893825236933,1
0.06557192890883444,0.041658755989570966,0.08288977795068098,0.006884319156400858,4.213575757652656,26.7853795936647,0.023722327379430835,0.12439752583042041,0.10067520861496511,0.9902463758021515,0.5976257672415004,0.06640055998485313,0.9876323781565796,4.1017394535367355,2.2040122718162505,0.34133582748646096,129762,0.8720757332708399,1.1491219057320754,0.9746118283037225,0.6560772149610005,0.7854466102558938,1
0.20068051408367155,0.18966531827316785,0.07948631299224297,0.006422774361211291,6.369881311469745,63.147080026260674,0.1415531911074447,0.25646527314354484,0.11491211245481951,0.9733793785504034,0.4656782886227553,0.32895199590495117,0.9491102295441369,5.365312864909155,2.898395065208191,0.1574473098631043,6694,0.7552207894011187,1.329349747344374,0.970386012183886,0.8732176286390488,0.6026137764815103,1
0.23147187253737206,0.2338740749920784,0.08047673962818191,0.008868636665154792,0.9341679242580947,9.739656555646295,0.12839005632866685,0.33210734292725913,0.20371737243447274,0.9665291284398569,0.3397694374611706,0.20804229815914846,0.9672015620478758,6.093655957544654,2.822216522216072,0.17085233370816594,15848,0.8422337883885824,1.1884144051460834,0.9568790475014682,0.7288009208433703,0.6417282772384223,1
0.27386243664680376,0.2693062502694412,0.14339598842615986,0.021852322917330854,0.8138953546370976,4.9695571797581595,0.0955281553373816,0.45087354088647313,0.35534533836621485,0.96220194417843,0.3053349884245623,0.15868673950543014,0.9680944963992395,6.978784741259067,2.6417473318971085,0.19775180552908134,36306,0.9074506600810983,1.1040600933324263,0.9750376474167509,0.7248178275765441,0.7193107894222867,1
0.3478666357055187,0.3545587271686391,0.11571733943552842,0.013501765999870049,0.19312880308065564,4.073387465590153,0.18340227694991612,0.48064888957292706,0.2972466126230109,0.9592378319734405,0.37280891226834784,0.20839223621657244,0.9385531276668666,6.729948376757106,2.6210867046967103,0.2001925887774409,13446,0.8192469348676289,1.221379421142512,0.9792537217816074,0.8383915827131263,0.7943478137649481,1
0.2769539442984537,0.24409100294444666,0.13363601657756286,0.01785858916168031,1.9311727278658177,9.4050027679328,0.14718455893803772,0.4401695029444467,0.2929849440064089,0.9602251228198794,0.3305995000363564,0.24454810529559762,0.9455049419741313,6.737708621769452,2.638589651328984,0.1904685724197861,12958,0.960078287876074,1.0421783292114082,0.9864772895986249,0.5474263940188202,0.7796834108120425,1
0.2571716472322392,0.2411841000978511,0.1343583020173134,0.01863714305437167,1.2889251155145767,6.415149401956222,0.10012039350986601,0.41920330628004365,0.3190828965801567,0.9658263554516037,0.29308264684389485,0.1577319514518686,0.9740404003956266,6.864855620764105,2.778563194433775,0.176477625064174,22980,0.8012042514397277,1.2589653233329534,0.9401829979429921,0.772786659740559,0.6238224418552273,1
0.3248630046240739,0.31527926023916814,0.09248240571069902,0.008757970510991529,0.8685669312585333,5.597547497120424,0.2178264344397929,0.4469192554366246,0.22909282099683168,0.9564205007256448,0.38655012132187283,0.26623542989133153,0.9290393299238101,6.437810450893997,2.7778917821944615,0.17367874946105985,7966,0.9341396844542358,1.0716221294651749,0.9845962430030211,0.7218777398855576,0.7803061336423799,1
0.3594886048205928,0.3497264636433737,0.1345165554830996,0.018097840008780796,0.698477664397286,4.329263697119439,0.19258526643436893,0.524300092379318,0.3317148336390731,0.9542896222069228,0.31622151385472785,0.17656956661893122,0.9533390418601604,6.8471922674123205,2.686512933021413,0.1922988879866667,18384,0.926642264551089,1.081243973453331,0.9826321680197769,0.7277804196521881,0.7538372987117219,1
0.1682752338447539,0.15194785052356025,0.08845261222860938,0.007835133438130573,1.1665440355518482,5.694802750323464,0.07247249923479969,0.29001457807350145,0.2175420694334691,0.9606275715923982,0.3667860674300613,0.3767839553256794,0.9462151753831367,6.237831033302433,2.7043944631173664,0.1834026775711202,5769,0.7588958398051339,1.3187277651750682,0.9111338297678653,0.8421530959366366,0.622711180308438,1
0.2084809508079066,0.1940229042809743,0.12195594645016071,0.014930553284347654,1.2459653513795501,6.813902483260552,0.07306119272964423,0.36126145159212575,0.28820024500816027,0.9640196521508824,0.3373262802177652,0.1768542600129601,0.9625134820925366,6.760493897317758,2.7073306908558115,0.18734131063895632,27066,0.9142130965592824,1.101495702159316,0.9764753191523121,0.5801159490608788,0.7567691618919749,1
0.3282617651107747,0.30405589718452475,0.11835099422134424,0.014826338813400217,1.0894412867256693,4.635804208208951,0.2020932439709302,0.49333831275839013,0.2912450977223789,0.9564625380035742,0.3377743246990951,0.2561083551804381,0.9346919096751384,6.656763518760026,2.7115531634940964,0.18724636785390647,9533,0.8909503227358417,1.1333884815252138,0.9814821052946691,0.6847280431360299,0.7076452271070288,1
0.10830344307308963,0.0633114068497534,0.12008096870790845,0.014421988086244798,2.507779564742996,11.76295733001355,0.016911498670802657,0.24986384284338484,0.23295234605808748,0.9863551346121385,0.529437258233296,0.09673258351526082,0.981640427332142,5.849900546196359,2.5946353336283408,0.20932429569955002,76265,0.9071443919914437,1.1099420324707217,0.9724250788093741,0.6638247677272001,0.7827456128913632,1
0.18375738879126724,0.16815056459124916,0.09240875608371013,0.009646204276939255,3.072362043880825,20.78481591220907,0.10163591977275302,0.2757590174498252,0.1741231037582832,0.9819390772387352,0.5025240733371095,0.09782115166481836,0.9748846874870053,5.008318572625816,2.318254352057578,0.3020851441160871,87587,0.9345975571120323,1.069980928587397,0.9827440795243803,0.6260598984997422,0.771696218801145,1
0.38510821867407397,0.3751068320699102,0.11370989621071004,0.015161314382541237,0.7374802287540344,5.535908117607994,0.25809322111607474,0.5313579004388044,0.2732646793227297,0.9589284808919036,0.452025279644735,0.1825342147001663,0.9404078719544429,6.6778610679300225,2.727840934796556,0.18450963310382143,18295,0.8054056574202829,1.2506708397488677,0.9826329045045298,0.8694404492062,0.7926533007075428,1
0.24651460339213752,0.22754176912068613,0.08920364880034432,0.009173927547530075,2.0656117575934783,12.627975804444565,0.16507379199945815,0.3471720119937145,0.18209821999425635,0.9305455244006888,0.3061268317536118,0.5758559317461776,0.8889198847227598,5.946509397213624,2.824870635279891,0.16619039466396834,2526,0.8906453573615192,1.1227862326948326,0.9769777983579683,0.820966993141018,0.7237668200318883,1
0.07720673377404232,0.04003868249941897,0.10851323289018788,0.011875112437806229,3.6991337281972783,22.537357185685526,0.009641382786381084,0.18368414668183797,0.17404278905600015,0.9871017207214324,0.5721226316294902,0.08526056388793814,0.9838742590483587,5.329738232518228,2.4884533920236582,0.2402808996878304,76934,0.8660660537405891,1.1612980008524958,0.9634671357208051,0.7694842261661217,0.7881880336750879,1
0.3540887542013882,0.35200550929770447,0.12506326575133142,0.015672812535572643,0.44974646334489843,4.062488627282798,0.1907026893831836,0.5001027866973076,0.30940009731412393,0.9592218258112292,0.3673961007729331,0.1930929096110194,0.9424426642245651,6.790921022646506,2.650705173415708,0.1965480259045421,13389,0.8586133042531565,1.1675444363428362,0.9862722914069323,0.8272114664891528,0.796287491779927,1
0.32221475231964475,0.29308515550349357,0.15511442919627685,0.024062108556670816,1.1899402716515972,4.719319593897141,0.152564861378872,0.5299621933571386,0.37739730912326436,0.9470994615197248,0.27697057511960455,0.27807471972727,0.9480147185110624,7.04560204949871,2.570876564636009,0.21376772004331882,4867,0.7750351,1.290264,0.9539396,0.8767613,0.5964461,1
0.08205275252090515,0.060372075947495746,0.07900738771073075,0.0062424718068956565,3.7862327193358545,23.4342254967992,0.03125283613901097,0.15555298366776205,0.12430016402965255,0.990059271333633,0.5872960240196342,0.06769364269680567,0.9876143243609861,4.84620383002819,2.573794081727763,0.23420357393740515,129127,0.8429659854624725,1.1871006297956483,0.9729984507443591,0.6572781031030401,0.7794362714067422,1
0.25288347839631736,0.23810753734407705,0.09822274736845896,0.009651045864322843,1.6718605841271985,9.412694424212486,0.15084183029911047,0.3697632484215625,0.21892141633928636,0.9428970069539796,0.2717321399750999,0.29615883580386415,0.9496228087412473,6.4068074673116815,2.743878291095829,0.18096089660935225,10497,0.8232291461036618,1.2147719464593099,0.9650217862136214,0.8093772425769228,0.6664312389483013,1
0.25522448140708875,0.24849049305136084,0.08120025604108741,0.007046676722038211,0.9144088452858372,7.749995316966144,0.1589231014561026,0.35834707458905574,0.19942402479654223,0.9601370197453748,0.33499926288451015,0.21071397905054437,0.9645814662185033,6.230121088473368,2.790596739910806,0.1747533654592525,15592,0.7836652634020176,1.2811817517711783,0.9607646498982051,0.8120369409999202,0.6276447317606273,1
0.3681992586691803,0.35908197965033356,0.16575960826561056,0.028669710437152822,0.7409100526875421,3.759537091624866,0.16521550797250925,0.5699973823075398,0.40478187433503054,0.951354995156797,0.24075278308761405,0.25642506511715657,0.9381442629936464,7.139774962017457,2.736944832728583,0.18149079473082244,9083,0.8126839455899955,1.2400724716305096,0.9664868504900371,0.7945787756651804,0.7709755850059786,1
0.2556145186004328,0.20427521199991716,0.1670247526640457,0.02789893043421581,2.355945524104005,8.033181126781631,0.13491218013480907,0.44409906163194157,0.3091868814971325,0.9220179069291085,0.29899786333342127,0.5210726060928992,0.9062326575949936,6.4076024417812,2.8717736360467434,0.1585103487634245,9494,0.8781505422228638,1.138804146550418,0.9857552978061804,0.8178383066564301,0.7599745379834738,1
0.3195829956954366,0.30103440305679463,0.1648516040256488,0.02738975967305669,0.37420276318790435,2.8031032798959954,0.10762621733286057,0.5588278142279286,0.45120159654926156,0.9361334949308122,0.23668570516122323,0.32643723326489826,0.934348070987902,7.230894485049057,2.578838231678133,0.21187967220587894,6018,0.9048407407072719,1.106492375006213,0.9806005931008867,0.7845481490531743,0.6848163838341124,1
0.16155124790573283,0.13620845974771734,0.12046828706849061,0.014552083335084145,2.139058002893761,10.647072006563555,0.051837669947560505,0.30048374472395983,0.2486460791934648,0.9734050480922102,0.42020493724397895,0.19075451357541995,0.9673691662217913,6.386030097793554,2.7070680596244094,0.18099160432639155,19693,0.8425278515564784,1.2096962950403434,0.9687550146104988,0.6861165579211741,0.6550721572223215,1
0.23245394402320496,0.23117811301339528,0.11272731844272038,0.012711873750795672,0.26205683749110187,2.88184768847253,0.07896418143710311,0.3772022899999068,0.29823815269462084,0.9624492362942368,0.3070120924522395,0.16709207091457995,0.9627984296541323,6.801602282455821,2.7370981048251353,0.18047936557786814,43075,0.9390897853088396,1.0649648688575923,0.9888782692597969,0.6625336006100206,0.7902868176659469,1
0.30573662691935083,0.2960802818617362,0.11291256735759694,0.012966035113190385,1.9628474279325716,11.491824803725375,0.18397456820260016,0.42610143459128874,0.24212686638868858,0.9509740196619922,0.31329634475082396,0.2716899901761979,0.9437581073667297,6.512306622071571,2.663190988415842,0.1942567807375214,11957,0.8466986721695648,1.181430921462599,0.9754941711616756,0.7943479350082092,0.6858583821251842,1
0.1401173414235259,0.12255083638406357,0.08845047859010435,0.00792515259160845,2.40648992614575,14.096955256927691,0.058090380293747745,0.24185193796448348,0.1837615416143034,0.9738026386278715,0.4523187790652471,0.2605916967453388,0.9614040191423027,6.084304683293942,2.6623619466944337,0.18786700653871877,12168,0.8742399827524636,1.1578641046012859,0.9777823581838019,0.7013567071917026,0.6480982439418507,1
0.19605112910480998,0.17166065122643898,0.11825773862847186,0.014129147603638838,1.9050372263053903,9.44082380600515,0.07668121131134614,0.3310901498195719,0.2544089315046475,0.9734361874737517,0.4133822545192397,0.18582613038018272,0.9664215175061965,6.459747302558881,2.7879852902312927,0.17180575389505007,20125,0.8495911358780921,1.1809321652806186,0.9409138490729492,0.6458854086598562,0.729469697483416,1
0.2437029610983374,0.19399847265048253,0.16783989761231602,0.02830157608918658,0.8028621669782228,2.954082029708774,0.065668368301956,0.48433506442214613,0.41866671231969294,0.9708628892206224,0.290241206266077,0.1427979892053305,0.9734359690836292,6.999865125231698,2.7531792706330793,0.17610691904833603,31264,0.9547601983037397,1.0495332941023627,0.9880768667227642,0.6503404147094174,0.7352841725991032,1
0.18694816731419048,0.1590253242720532,0.12641039420120787,0.01669344549629837,1.448385853620398,6.19338703621079,0.05769787815292257,0.35132819638580737,0.29363031104909937,0.9710393347376913,0.35465266834673764,0.179602220163334,0.9742921019511042,6.67313987090113,2.6696296164811284,0.19011631402283735,16990,0.7823326044350034,1.278305654875419,0.9731632681941957,0.884687436420883,0.6012013299048129,1
0.22929687904972473,0.2040499105204025,0.12231540182831589,0.015166625358998372,1.2491906018168324,5.965729443432897,0.10054228400040571,0.38943741332001,0.2888951333646855,0.9630492909595941,0.3645235115371561,0.1979028874309309,0.9608600793648663,6.636828681784826,2.7162196927928983,0.18379584979028402,23568,0.9379982032025456,1.0667081326935033,0.9812327059142334,0.6687976358786865,0.7488209536401995,1
0.12265165634294299,0.04920936704243917,0.18866118963735926,0.037089805539804704,2.5697861362708814,9.459791373361078,0.02943999770861276,0.379968957960812,0.3505289424967972,0.9745546249554202,0.48436283731868196,0.14140454717155748,0.9752189661002321,5.161858925334032,2.548402331804955,0.22118404280573037,21841,0.9455719345627939,1.068319372697792,0.9792623583337793,0.4298669831803573,0.7571172535759262,1
0.161495660602667,0.14510466027822524,0.10040919072536218,0.01009527287654136,2.4636675384850326,15.728089406780892,0.063386266503175,0.285564725682391,0.22217841706780214,0.9652371210884724,0.39150013022834335,0.32110384873210873,0.9527292761508463,6.207328611038082,2.8844961035374186,0.15626459647397178,7584,0.7685676413383633,1.3077656285009902,0.9568573469907918,0.8558005310480732,0.6405517061557261,1
0.05314591006927828,0.023028561431330998,0.07891997049759952,0.006228536931129266,3.9460337725013743,23.592609463827127,0.011767690743417627,0.11906535223964432,0.1072976714962267,0.9946327462279475,0.5481572625810033,0.039003229760126275,0.9939683897877636,4.450303401527298,2.2346471141928976,0.31856599820278875,318382,0.9017247305274798,1.1090597088603242,0.9684924491027906,0.6959828476559952,0.7113018268122028,1
0.3594884987909531,0.3194364917062887,0.18115727632428286,0.03328229755342143,1.3782385326958135,5.310663678826947,0.18435642396428165,0.6091271885380571,0.4247707817465234,0.9533457441341511,0.2959535368741879,0.15492630115565176,0.9647215555344882,6.850313453779636,2.699805404276525,0.19536400284996794,18299,0.9001208269148739,1.1143057018858693,0.9817283108398754,0.7889501731133015,0.6927279494713593,1
0.26815403468119087,0.2559815266984208,0.14017150439175913,0.020270275623320406,1.113010553743027,5.894780902682587,0.09409034049999843,0.4374805995170781,0.3433902456373146,0.964055730439008,0.30654995883789016,0.15508003781239962,0.974718930797435,7.011669646469655,2.699977653127729,0.191413760188486,23123,0.7261561825497693,1.3844580333756054,0.9255182628232644,0.8923853925760235,0.5697961260391491,1
0.15746245365331804,0.1387645337155392,0.09523652025817318,0.009193089401372917,2.4813853851094563,13.986017018558602,0.06921790180542314,0.2621384512598513,0.19292054848875922,0.9719043714944754,0.4276410648788833,0.24340431317504466,0.9651458946639071,6.159746427894256,2.7150459145780834,0.18290099846820887,12317,0.8129256676192657,1.2483715619764997,0.9794696866258027,0.7931620305860008,0.5911445859944418,1
0.337531833591414,0.3254581877816097,0.11900172344159599,0.01507052422371134,0.8592087653198545,6.047114660086134,0.20125745129515143,0.49142153907676106,0.2901640877816097,0.9593419909053379,0.3320426455955231,0.16559786618825534,0.9551343877560416,6.820179707727593,2.6668562760514005,0.19247539604508795,21758,0.8511914624822414,1.1958818118239611,0.9504814808368535,0.7238669114563315,0.7216117687338764,1
0.08409685569437486,0.04449354540380085,0.09772868926256505,0.009581583239979354,3.1339901940630686,15.985158924485084,0.028668211523053322,0.19076545928543953,0.16209726315037642,0.9867885739714374,0.5334851168710715,0.0858631681341121,0.9849707218208904,4.605276837678016,2.355053466731596,0.2758772609802427,112601,0.8158721163308978,1.2265308794638576,0.947867875956267,0.6804135852114739,0.7338997863383258,1
0.314691083327084,0.2611936904149067,0.1612825496022017,0.026129422320457604,1.4765978503887347,5.273494609629534,0.16710341896014588,0.5435540537098045,0.3764506323794039,0.9436738046257096,0.23750741797823507,0.2905815360059229,0.9396103394631664,6.930425618891802,2.7026573505266045,0.18567702464258654,9720,0.890188288166559,1.123711383086844,0.9804089776624305,0.7892750423399835,0.7615684368660893,1
0.3442537402843239,0.3500261311353185,0.16409412894685382,0.026944800936227815,0.18404020056394577,2.5131935185322005,0.1204274816282897,0.5544958729622314,0.4340683869119943,0.9639974410082319,0.24849112079723823,0.12329359065210131,0.9716468017960351,7.273350424013713,2.725314456087299,0.18523127924830768,79623,0.9423506024127184,1.071191484899826,0.9793815218274694,0.5762668604903787,0.7480165795494751,3
0.28478510971605375,0.25628584778987595,0.14807381251535123,0.022924884509264686,0.9702337531971685,4.358083783543162,0.12193579499145052,0.4861711690083039,0.364235413081475,0.9754620177054535,0.35671164428284224,0.08765582732049589,0.9836812442119429,6.967531751798706,2.7934511900102463,0.17153220899462682,44044,0.6747737992385607,1.4897706558603487,0.9179021801992316,0.8825669747218798,0.5513641715976765,3
0.3519188678508541,0.383405724865664,0.19881298079166732,0.03956750606073275,-0.1994659963805997,2.1358448325290786,0.04672532926522547,0.5844865943913145,0.5377612800236695,0.957270024418435,0.22494955538374395,0.15626305132615376,0.9660097476546516,7.240499199916095,2.7911800614894293,0.17199278778417632,24740,0.9498429926487935,1.0538740510833384,0.9904717261536751,0.656737195132574,0.7085937823803775,3
0.27119775332617846,0.2461857253767521,0.15175541923120076,0.023034063551491245,0.8444155382750045,3.6118379817015294,0.09683433436643205,0.48166392277929265,0.38482958841286063,0.9497755156406368,0.2564090473317637,0.2343403268926334,0.9502833005096448,7.165075600263311,2.569656685350358,0.20785620136048574,27173,0.886439605684767,1.1284366365157859,0.962460270353151,0.5252434838145619,0.7742660148914015,3
0.3496002366311235,0.3519557545134591,0.12461294188050867,0.015736272989009384,0.22122432202934206,5.189906709646844,0.19856577215596166,0.4941601480078892,0.295594384840941,0.9481042303152832,0.27329339952587695,0.20668328618665324,0.9503095666595802,6.889355400191704,2.7592484121152765,0.17836285706920796,19492,0.9359939628363327,1.0703526730980046,0.9841310274885029,0.6423862593221302,0.7331949459386834,3
0.2762374588489814,0.2681580590096329,0.10907407817235973,0.012081481459176037,0.48698692284139855,3.520825822932704,0.14255077421821366,0.4165455874579086,0.27399481323969493,0.9644760934896501,0.29902505359475984,0.18265106613052884,0.9673239720425902,6.73053369377886,2.731855810570407,0.18378683430023945,25321,0.7935518176156017,1.2620254147288468,0.9724869026601356,0.8469409063046103,0.6195014881947463,3
0.30705461754126,0.29580180164909503,0.1569435110822691,0.024632662856031846,0.30116150168972894,2.455477200286132,0.10391944784076934,0.5241398962197581,0.42022042883445676,0.972958764882715,0.30438044908858963,0.10838952599336649,0.9806014818544682,7.278831134192758,2.728124994685604,0.1834735111367247,41651,0.6694978225071151,1.4995625911262946,0.9015653761363368,0.8671267925367866,0.5581532113339257,3
0.2309753635245343,0.21754470920030033,0.1242649623845338,0.015816727422453238,0.6821181753685281,3.7004985025668073,0.07994057502201876,0.3983686959468633,0.31842812430166956,0.9708785808518736,0.30639928871286065,0.13285818205967062,0.9780538196434168,6.863207251024078,2.7383044727780166,0.1820339821765824,53538,0.6579574625212454,1.6367482371908286,0.9079985988058009,0.6914610696711794,0.6353611207660526,3
0.34115226755861366,0.3508455423437247,0.16831262553149728,0.02838753749577098,0.17478587921442776,2.5397104672020743,0.10972491931727565,0.5507518641580387,0.4410269247961044,0.9664046144053069,0.2583941752340598,0.11974819858441081,0.9738471565331682,7.285349968195283,2.734565444591737,0.18317783007322821,86538,0.8647501737970629,1.191968583038261,0.9459411082603851,0.5992336521656111,0.702625312584415,3
0.3924856120217206,0.3804355682408458,0.11046135886482857,0.012246484732912646,0.8292315876689555,5.26898662525312,0.27438282115876234,0.5227385127457526,0.2483556915869902,0.9713727851104184,0.3688548786927989,0.09831168133872764,0.9765245778400216,6.7572282116864075,2.807135535431921,0.17073386937080737,42839,0.7664069150842578,1.3065318720770585,0.9258296773947442,0.797597229503309,0.6383214801639373,3
0.2611918342044956,0.2543581857908932,0.10576123225928545,0.011188620662372441,0.6539783167398061,4.40263690924498,0.1339417822422003,0.39312848207661977,0.25918670532885535,0.9621888580758671,0.30087698353923986,0.19125398828657944,0.9669427196405755,6.686652955881623,2.749026755177831,0.18077755012115249,24193,0.81294523489106,1.2342383109504689,0.9745256191271355,0.8413885845311246,0.6302926547256336,3
0.30586088484675106,0.3124421291775459,0.18789283413148827,0.035433201213041166,0.12057891729173248,2.235367947298189,0.04485787023093269,0.5415349318378981,0.49667704793235995,0.9580602834651942,0.2425263070967238,0.17047938061354437,0.9663717572523294,7.239671558925877,2.7393548779649946,0.18067006545711164,23744,0.9006000204416538,1.1139370720587447,0.9772766620375286,0.7159918613433682,0.7007450981038633,3
0.34406112792162574,0.3449925650393998,0.16514971880380355,0.02728258833253275,0.2746661519171645,2.883119874101073,0.11973042370370844,0.5545544759786437,0.43482405227493526,0.9622893964634102,0.2528753693903163,0.12884477785726348,0.971241081245298,7.317731020309281,2.7028420073977655,0.18874238839680366,73254,0.8273609586101198,1.271109110734479,0.9638697967892469,0.645959687587135,0.7303861012577216,3
0.3978216246140217,0.4236488903265741,0.2002895229796612,0.04041571555971367,-0.22321266180876376,2.146163056080939,0.09263392168101198,0.6371233665590856,0.5444894954438317,0.9735779150740594,0.29363467742321014,0.10686416185414621,0.9774848484487894,7.537851387662318,2.719533846728617,0.18523559310991738,59366,0.6228517659507056,1.6131120370892216,0.8621668645023177,0.8727676096949801,0.5491522186730684,3
0.28800951156967874,0.29301790118994087,0.12926643840337168,0.017151825054859654,0.1696881294713503,2.734189338235797,0.10898553988661716,0.45129146689352884,0.3423059179417411,0.9727412244048916,0.3094510442082983,0.12420306341535202,0.9781811100059657,6.995101186339437,2.7691309959003467,0.17749943591192388,73637,0.5185236899654806,1.9514028828665628,0.8547286378118876,0.79445818194647,0.5884088492221837,3
0.3397219648679986,0.32878011129195917,0.09910938428418661,0.009909567717778062,0.8177638786487408,5.192804310637253,0.23140405303398343,0.4627703698613133,0.23136631961003473,0.9723142247169614,0.3941301093850784,0.12142173574436126,0.973994369479561,6.57173634612649,2.7488431237197557,0.17870118923320394,42424,0.8024734577547086,1.262237327547518,0.9292042929972463,0.7523255264691309,0.65593938343022,3
0.27161699738641715,0.2518039147355514,0.1399722525021335,0.019977271487962668,0.7226502481391016,3.4981126437087915,0.10758079565913767,0.46356362688246205,0.3559828312233244,0.9532532248704461,0.2678061494638701,0.22423729196899458,0.9536671807738082,7.050278639783216,2.613221220220576,0.20146608675199812,25849,0.8668208925693107,1.157214232004766,0.9658527367677171,0.5918090079511324,0.737224368815994,3
0.28240557216649254,0.27272628294473306,0.1544203591894236,0.02402837086100796,0.5767367272944222,3.715900450797372,0.08187811905880893,0.4804375726090859,0.39855935842891044,0.960652019758121,0.2706818478194722,0.16321877679670987,0.9682435971773067,7.190297429635323,2.6901016872354195,0.18739943906295572,46403,0.6627912885015625,1.5087827875133781,0.9123249882288906,0.6685305720156636,0.703591818558105,3
0.19371841509983065,0.18138605487316176,0.10579617085685711,0.011327614360086488,1.549342513244941,7.727842790140676,0.07498549905084279,0.3216536575863113,0.24666816449210957,0.970932583947394,0.3921969662220919,0.16435690815902662,0.9699820435133797,6.541114414298084,2.756280301862803,0.17316797386561286,48642,0.8186284944404945,1.2238047996547339,0.958958239979155,0.7470936725401528,0.7582331287913113,3
0.16608093538620988,0.1437372013321127,0.11437072082804246,0.013095448320576793,1.242769540295011,5.986171785735095,0.04418537380027929,0.32053298752424647,0.276347627937225,0.9800008837206824,0.44979448565010527,0.11378195057601566,0.9780397328612107,6.37987924483173,2.7129106384452255,0.18511095367659808,64995,0.8020334725216904,1.3534766026504905,0.9439424158059524,0.6658369477554877,0.7410274211780755,3
0.34941862852373634,0.37955349423894924,0.19822018496438934,0.039343076962967634,-0.18209248526665725,2.141247405313927,0.04662395499273716,0.582154980436974,0.5355310387907876,0.9573129233171371,0.22590370237432886,0.15703477911910602,0.9660293992019812,7.240454271753429,2.788366751971048,0.17246383035866902,24686,0.9471698574469005,1.0571345483381753,0.989755437335207,0.6599538111698474,0.7081677196695436,3
0.29822277512619183,0.2979735496629484,0.11333238357867564,0.013307232276024573,1.3585313540047752,13.470742811403605,0.16642002004625478,0.4189716480765648,0.2525516168170401,0.9529247934748354,0.32612831912055956,0.29592525424312377,0.9436277269368103,6.590525304054596,2.6802740018633453,0.18903485753951477,11820,0.8359305530330435,1.220796908299192,0.9250254629771036,0.523977445197454,0.6943036757547434,3
0.36876055486105197,0.3576693517872419,0.10826884652424905,0.011806489204895474,0.8111839401152557,5.129235427036296,0.24228384570978936,0.5021673083421355,0.2598834626323462,0.9644907073960417,0.37730571945055885,0.1423678122726367,0.9617466213526696,6.723695680683826,2.7636082736253007,0.17663766406245396,32977,0.848519813653158,1.1811335720098763,0.9605870016461175,0.7395038898667996,0.7414538750856141,3
0.27093793832114893,0.26437029825947833,0.10508087621874569,0.011043486451003132,0.5294782417856116,3.8574186693102366,0.1423811124450395,0.4034968067162786,0.26111569635596715,0.9646021128494778,0.3024923496453662,0.18223251526590178,0.9683887085130646,6.685568839295112,2.7488767280358073,0.18107942859885912,24846,0.7944217416846786,1.2607639620872473,0.9738479397071977,0.8674277215142736,0.6131708412392276,3
0.3215643975400319,0.30665382577749206,0.13914975512383718,0.019748642322497127,0.7335909990675576,4.2473841489750725,0.15942590130023065,0.5012145496304855,0.341788601113575,0.9727999966554356,0.34397354109761663,0.09968660703507781,0.9804479470373134,7.048035395772197,2.781870418468478,0.17487276850982045,41849,0.7483149605281695,1.3421653870971981,0.9328656915055595,0.8382041701508143,0.5915251391716123,3
0.23765209724409528,0.22188743850270712,0.12860834619416087,0.016956531689058068,0.656142842327151,3.50469137209796,0.08167177617799913,0.41284992155276684,0.3311781466402791,0.9703584587431276,0.30044010603806687,0.13492222336160337,0.9771207984877989,6.905105741860433,2.7365500767306754,0.1823973181363717,53530,0.7013602959770981,1.5475915803439464,0.9211446930217809,0.6924447729100952,0.6497456693215828,3
0.4639900182580112,0.47242065468717775,0.1240790507440428,0.01581568955640756,-0.4276887060051619,3.7166273186477308,0.30590578276228575,0.607834217981223,0.30192846566732867,0.944725983250545,0.26192026082290265,0.19230529973554705,0.9383931767395827,6.907750335332519,2.7756091199687845,0.1757514844572761,17588,0.9578724995618858,1.0445181635058414,0.9888503303601828,0.6165590176160834,0.7522987519228743,3
0.23642725666415454,0.20075300304726143,0.16386943975675608,0.02718626662936214,1.169378329920737,4.547426669230703,0.0571807098496203,0.4621783932931048,0.4049977350835972,0.976845803026991,0.35400537191711146,0.08334361688568111,0.9865422408146638,7.058336599252653,2.7975113113178063,0.17052437976970466,44475,0.6608006594059778,1.522648482219382,0.927666968253538,0.9026639377474077,0.5349765277538593,3
0.20882498790159276,0.19264059836475203,0.11976411513624732,0.015014453129534158,0.7603825023993727,4.0075545691009875,0.061146115554302424,0.3726891881417955,0.31154311094088344,0.9687901006229419,0.3660515279365785,0.15649600133421787,0.9699680689197859,6.7331948954863865,2.6957133605567285,0.18679386327283323,54127,0.929315368016637,1.0760717007859808,0.9898698049012902,0.6657957750173028,0.7609828687155787,3
0.30348315077094073,0.3123116357514833,0.1645941247715518,0.028206324628601034,0.33729267679986735,3.262047637054102,0.07563864438599832,0.5055994812141085,0.4299608460312883,0.9534261839388709,0.24482736476873812,0.18563727603284405,0.9617753134266768,7.007305546854673,2.7106475500125233,0.18339118060665235,23749,0.925159904325655,1.0820953753730504,0.9880619509731158,0.6778138869741862,0.729608366688081,3
0.35754145091455264,0.35230216632575967,0.20480720519119966,0.042393489433901164,0.22093848692823842,2.367245389838475,0.07194804096481303,0.6409790688512924,0.5690310517946426,0.9754193685677081,0.24297771122532294,0.08459694142036682,0.9821076650986338,7.56728149684738,2.720255773470138,0.18024763592007795,186937,0.6868943368199711,1.5038726580197537,0.9250655380808304,0.7094613588346097,0.6845277864520367,3
0.401870092914804,0.39096329281615966,0.10868754260987572,0.012049920266512082,0.6300010863887171,4.524880282487651,0.2825822257640226,0.5363485639135922,0.2537663415783554,0.9716389458516754,0.3661336404726177,0.09859016680493661,0.9763859353074793,6.743888373713533,2.794283880705922,0.1725446824817302,42885,0.7369975914584345,1.3585488178280607,0.9081826841738898,0.8150415204293368,0.6147171446667794,3
0.3440102284115687,0.3447642537439397,0.16525668515747316,0.02731806668392843,0.2788507452988057,2.9010662529555744,0.11955323951403989,0.5545068738755876,0.4349536343615477,0.9622405780887491,0.25321711439983674,0.1290610138334355,0.9712514031670476,7.320002753477159,2.7018979767064977,0.18888170065625626,73044,0.8208489730685448,1.2822403993313005,0.9626821785768211,0.6495825856206972,0.728936899074222,3
0.33873068037074744,0.3233004906923228,0.1305178049062716,0.017363099772512422,0.9139487715554786,5.115178980709086,0.19319009290309952,0.4990600288285099,0.3058699084560544,0.9722646247633832,0.35547762986721815,0.09830648192763226,0.9793157013100352,6.947503744594935,2.8001647781469847,0.1719871359531283,42303,0.7700538678537883,1.30342772007184,0.941166720457718,0.8145973195757649,0.6216908000781378,3
0.27095191228181187,0.24615447148254743,0.151577338065731,0.022979284186847953,0.8365855690213271,3.587134837994955,0.0965104361811699,0.48135849211266823,0.38484805593149835,0.9496774238741504,0.2564858203578355,0.23526863236483847,0.9499918551314797,7.164681419613396,2.5700000795632874,0.20782572341244232,26942,0.8877061323954931,1.126769569439549,0.962673518615819,0.5204783375798082,0.7751809101881845,3
0.24168397823154333,0.21225929663200627,0.16619338174333004,0.02766211368697033,0.8593515327344792,3.549063829388606,0.04961528110450267,0.4751707365493228,0.4255554590979273,0.9763000414078102,0.3391080600689896,0.08928768342293053,0.9860640400432507,7.161621949223363,2.7739066077996832,0.1747641804408514,43275,0.6618835563694528,1.513981695001746,0.9203324351942561,0.909882806193405,0.5186624923128104,3
0.26415960843484937,0.2429692732947204,0.16180125036658344,0.026216825582859538,0.5874094278880263,2.926855353227342,0.06891624510087999,0.49134032681048573,0.4224240360546586,0.9750679646178884,0.32854729386153964,0.09633695681702141,0.9843987098158224,7.216492938258911,2.7572316099814898,0.17811292051563404,42006,0.6825923803694899,1.467708058321689,0.917462377711049,0.8990719824063564,0.5226152231812758,3
0.3390866959055177,0.33140967054997067,0.15566162884921253,0.02423109405338045,0.24230237964165952,2.580042029862512,0.12883848329403097,0.5499240162712747,0.4210856129333344,0.9715449134026898,0.2836641052269217,0.11645745543305484,0.9773539910040595,7.297176430583886,2.7081981620808016,0.18679075716053112,42763,0.6247027468985097,1.6033213168055687,0.8827601250245232,0.8357430916513864,0.6033213095402131,3
0.25315831615891493,0.22793746212868918,0.1639510953565933,0.026924260111387918,0.7205186911427925,3.231411765701462,0.05946887725353921,0.48342569274523084,0.42395679397187724,0.975671037223627,0.3337165404924474,0.09288650331516789,0.9852138497875235,7.1896348798912815,2.7653936291568866,0.1764737910235765,42627,0.6724558981683465,1.4903579149523087,0.9188672033348863,0.9043636263402137,0.5206804544037712,3
0.19615223534232235,0.18143278034799248,0.10952224555168691,0.012128662577771222,1.4924295944526351,7.271284381788651,0.07332933166442776,0.33150578704792,0.25817643917063976,0.9706781223508266,0.3776886915616146,0.1599465518350545,0.971365798579447,6.582956688709431,2.773424288055798,0.17080984800387677,48762,0.7889882044909942,1.2783404405390628,0.9375141922182235,0.7714975129826834,0.7449367263415686,3
0.3721383454846761,0.37248266416392484,0.13602552414006489,0.01850660320464142,0.021992958011944785,4.063232365930312,0.20539720849230086,0.5373307061266016,0.33193349763430086,0.9471875387526095,0.25974289494475694,0.19831556562238917,0.9486119107745136,6.9499980300099855,2.711693253841104,0.18451567099442176,19934,0.9406724308273078,1.0647585100751047,0.987278339045953,0.626355814277765,0.7529844882868408,3
0.21285974211779787,0.17708430312389684,0.1632989715865439,0.027140463784124335,1.220070982940653,4.686700101581634,0.03303913938356494,0.4400057820889574,0.40696669686940545,0.97697991392711,0.35662114248195265,0.09090907411043472,0.9858890100578174,7.030039463112944,2.789222766374725,0.1710909331474181,45197,0.6600369678881923,1.5254302774255826,0.9278728790685551,0.9024677973257101,0.5428808030886085,3
0.15905639821183917,0.13927308553037682,0.10676471488181082,0.011487910505100356,1.0002184009565962,5.067471352506984,0.03953592730665665,0.3028127527666805,0.2632768045147195,0.9820910551188226,0.40155869990885074,0.1066661757754194,0.9840353757823411,6.2720449665681555,2.707244901099305,0.1799220721123225,105604,0.5434906512692332,1.848259480619487,0.8728820642651602,0.794079715144953,0.5943161184457108,3
0.27082990101975446,0.24901798358077393,0.14523576155821327,0.021322320612155603,0.7627955341890628,3.4942434499091366,0.10162365408591385,0.47157315759676643,0.3699495035108526,0.9513414073636282,0.2624880040336567,0.23132151234955017,0.951340744145125,7.1047472436873615,2.5930117983302687,0.2044777503018048,25939,0.8793022914841268,1.1393596298668323,0.964722605521722,0.5483472472935025,0.7572784808047611,3
0.20060509831880532,0.1845644042088918,0.11337771726728256,0.013033899064797313,1.4257272910464558,6.86500180285091,0.07258433372729145,0.34272689697703246,0.27014253049400044,0.9701783065582681,0.3649810790647673,0.15730019981092297,0.9721248827858032,6.629757484155237,2.7813119371034123,0.16989920337101494,48757,0.7661672489953861,1.3202696311532738,0.9232504178089869,0.7832567768475336,0.7352182069388713,3
0.42522543544546443,0.4251454612402602,0.12880641187837374,0.01664113995297658,0.10259337086398834,3.0203207804847545,0.26117655081304203,0.5859089521250789,0.3247324013120369,0.9546563529631198,0.2801278945255695,0.18863310452463855,0.9480311264511413,7.0150406608680465,2.698734818497698,0.18750911694989295,29060,0.7831384192838443,1.2791980009158275,0.9046052567283827,0.7099630853538532,0.7112603343327888,3
0.25606609719672013,0.2338644051644897,0.1405871179445435,0.02010003816884666,0.5845045530852092,2.9646679650518486,0.08644631704531154,0.45278820557326416,0.3663418839705976,0.968923995592718,0.28400506547776266,0.14061471583358173,0.9745475864597362,7.020659070880486,2.7317115658525233,0.18339937522406796,53507,0.8210625046870793,1.301703284672537,0.9574007709841313,0.6951577628473342,0.6894173242872506,3
0.2681710539270547,0.25531447740535423,0.15205411920458958,0.024342019023999552,0.42880972627938596,2.7487806303317486,0.07991972905443095,0.46950435804783686,0.38958460308580106,0.9613564571733498,0.2744899731256771,0.18116056668604635,0.96760985561551,7.043728269850276,2.711750078907445,0.18605755458212664,23679,0.8298161314650101,1.2072225355670925,0.9680484452617709,0.8103139200105993,0.6615199170745057,3
0.3422202532570012,0.337124830047573,0.16874531256091344,0.028476675032935717,0.41714222699177317,3.493320458383221,0.1136745798204734,0.5527959462846567,0.4391213664745907,0.9606465088822377,0.26458260879348383,0.13615883036168905,0.9715942746448146,7.394075656906558,2.6708575660903047,0.19346108207095344,66144,0.6068315030253135,1.6480608824284926,0.9236500908379955,0.7686568533906242,0.6813347595418187,3
0.292190692536893,0.2956169626391736,0.15738566657618988,0.025794903405460548,0.4556590886758874,3.4900413942488315,0.08133458871441862,0.4883486320851074,0.40701405042206595,0.9526882345287104,0.24941457424133637,0.19199751577337743,0.9609442771032107,6.960800715030738,2.692752957323212,0.1859717064945962,23516,0.9184879762034227,1.089857567290915,0.9871120599188031,0.6841233872460246,0.7335172208805233,3
0.2974645772386341,0.29176312200846033,0.16608190449759072,0.02811048444404328,0.4820138142231475,3.0719287990569883,0.08055395842445204,0.5142936523074345,0.43373969997860773,0.9516806097639328,0.24612715736778407,0.21295061031438517,0.9540581804301118,7.186757814444862,2.6411701193063903,0.196348996933509,25695,0.9127833002724419,1.096730594089986,0.9724464416672931,0.5457689726404835,0.7578121279326456,3
0.3428619180346525,0.3705288665269069,0.18973127309852011,0.036615370130714586,-0.07547160255365215,2.4669937244276485,0.05577589515929404,0.5657561945596697,0.5099803161072587,0.9559995419688778,0.22883096695460245,0.16345801308647157,0.9646732817247387,7.169475989381642,2.7730491091935594,0.17439243770646282,24561,0.9484260789069733,1.0550272611808507,0.9913743864037716,0.6558115613861294,0.7159775118005363,3
0.1803837732063551,0.15405310764806324,0.12468457386949802,0.017434738667685364,1.2873690593085234,5.661240739561535,0.044125632541484244,0.351328433661858,0.3072028344159028,0.976272207413893,0.4116432267967068,0.1328665345007751,0.9781638887073637,6.608693878727283,2.7063417756974326,0.18347717865963212,43011,0.8083509754559051,1.288240970326155,0.9570140454698562,0.7536130669270048,0.638534445092063,3
0.28112346201034105,0.25846655832809406,0.15727364288089057,0.0247353146825986,0.7139191111332934,3.3639446048901713,0.09637590725288991,0.4978012883797284,0.40142533749214104,0.9629124908718163,0.28567415817748887,0.15714639988325765,0.9702915953449768,7.219602429249354,2.6483859607124374,0.19533453490000516,37134,0.7784111650166415,1.2967400181886417,0.9363236069320964,0.770349196261157,0.640815213901726,3
0.22935911421139538,0.20302129528852658,0.1408539020711948,0.01987968156359758,1.1384290158794428,4.6676061816346675,0.07032469593846201,0.42412530643003854,0.35380054203773853,0.9686191974335976,0.3021371883009812,0.1327920785460152,0.9785398628179499,6.958228915994218,2.808587075182147,0.16676302991060596,51226,0.6411938176541095,1.560153635806847,0.8273571556418988,0.8324909483901004,0.6498260221597996,3
0.3223146635032478,0.3464220159319594,0.17594820346465267,0.03262762314570225,0.13140032833905185,3.358454467178407,0.060793568541982146,0.5266527125735287,0.4658591640315466,0.955726204684078,0.24126070790871723,0.17417506696384522,0.9645565757728358,7.092636713233101,2.786756935813049,0.17288140856210998,23974,0.9406160784045506,1.0642281680580654,0.9886738965189937,0.6689093921817886,0.708146369270674,3
0.21700219549751637,0.20614859796393076,0.11780134561768708,0.014518157206514568,1.3036065287050629,6.784725513432225,0.07738187353158839,0.3615932662140602,0.2842113782699196,0.9682247441323425,0.3638476933650171,0.16545063199170942,0.9690704406377323,6.70390948814191,2.7328767098702973,0.17777833707055612,47997,0.7857807056187271,1.2837674271137776,0.9531273139750308,0.7180220266129176,0.7476390095251321,3
0.22935066034969148,0.2216479448627939,0.1079840009380005,0.011662783835798184,1.0607283867271458,6.183901356944491,0.10636992614561513,0.35925447216631,0.2528845626548741,0.9543045933601663,0.2955994744536927,0.22072774389596034,0.9622185773032939,6.690194837262822,2.7495169038828875,0.1797912929483756,22060,0.8734627258313478,1.1475772349606441,0.9767396431073626,0.7563169828135952,0.686230764292781,3
0.23478585908688865,0.23281562809845982,0.12206974919140985,0.015367571027120466,0.5806451850401652,3.8711035073232076,0.07833603776553472,0.3921128586396905,0.3137768286865136,0.9726543218678547,0.3120823292994234,0.12658548189172944,0.9795373374321008,6.851975719436156,2.721356665673655,0.18475029126914863,52988,0.5522312121882159,1.8281978273195936,0.8800267279951821,0.7179863372102203,0.6111405212257095,3
0.2390386004524529,0.22736109213059977,0.13922424752884882,0.020563562429120434,0.8441736125978592,4.779943948640289,0.07377815379067598,0.4166040100890654,0.3428258497845096,0.9549564716541489,0.27841297103917984,0.20928135513350926,0.9634046289498692,6.933267787207215,2.7240084022371267,0.18354625586809756,22039,0.8756103479606703,1.1425528437354016,0.9719779387435918,0.7482774305713588,0.698881759916604,3
0.20961763146987789,0.18824177765368352,0.13487839586316677,0.018970491448724223,1.168742646575535,5.762518300239366,0.055389390851733514,0.38653297694892175,0.3311435980204648,0.9739344803943346,0.40790139236023404,0.11971079164397963,0.9754570224306887,6.6542465814775476,2.68180727966744,0.19035003632143616,64683,0.7983329575782412,1.3079687232443253,0.957635361889644,0.6702790704515224,0.7538585193204861,3
0.28944995526939127,0.27551147744978777,0.15529828708493498,0.02421148202175702,0.3961801961731226,2.623925692574895,0.09626032301294894,0.505245197068738,0.4089847898960913,0.9738015629170541,0.3224518524297216,0.10226852581891709,0.9825661365372436,7.2361086053273596,2.747645585779453,0.18027116961214623,40999,0.7076461161883671,1.4146352737729093,0.9173362424279752,0.88236753664432,0.5350916418739359,3
0.36270314249493013,0.35517325383951476,0.14257927506153895,0.020812065462554187,0.3235865743986066,3.0966629348016212,0.17554636118361328,0.5515781128650928,0.3760318262899383,0.9712628930695533,0.30172101674916213,0.11340038296596028,0.9764418727225255,7.153981425208154,2.727082092028599,0.1836967607032762,42932,0.64800385412016,1.5535583403020718,0.8861515106782419,0.8241201094694582,0.6145512105029853,3
0.24164288622408686,0.22359124193893398,0.13902614916696174,0.019506606231249037,0.9358892320353402,4.552442067499012,0.07334426068518463,0.42343424063845647,0.3500898748907931,0.9654576528492639,0.294042368173924,0.1510082079844805,0.9732050572035639,6.961783566749104,2.7756514201966596,0.17286568201458183,47960,0.6606647851720361,1.5136390208660668,0.8751246501693289,0.7818710820225033,0.6944030496480595,3
0.30294897432577234,0.291237839120395,0.15710781359905723,0.02468413307945628,0.308705643919846,2.4395113693580552,0.10072550370508881,0.520835071713742,0.42010953571084136,0.9731399822758129,0.30703572220756004,0.10735543637263022,0.9810177220567341,7.276479765018149,2.7306790738858266,0.18304833021412364,41509,0.6752393356293153,1.4862635381179798,0.9039756990246858,0.8711493313540247,0.552363886837141,3
0.16892234402369932,0.1461877211140671,0.12603058986142074,0.017532758123213813,1.0346299434715893,4.9586222123981045,0.02761693213191723,0.34302395380352313,0.3154070024685117,0.9835189884261114,0.38795256553595714,0.10136453448950808,0.9844929772932841,6.393990513266211,2.6983596452369927,0.18026484322738204,115167,0.614627052662153,1.6480322000235108,0.8918888362083132,0.7645467477720885,0.6115525331156967,3
0.21939658367614867,0.21001355569834398,0.11673267383730969,0.013840080872269154,0.7271645521460613,4.040066883106026,0.07693832902864618,0.37325538002498954,0.29631705803460473,0.9717805756961196,0.3167336928041306,0.12927872527183487,0.9796718632869929,6.790546962063855,2.7413469433111044,0.18140388559551363,53552,0.5826883452417696,1.7913635543516266,0.8852006653870969,0.6897551332480777,0.6104154620145381,3
0.263921069566594,0.24759906629330564,0.17763995380625844,0.031572130751025676,0.41425766063211406,2.329056635896521,0.04386143259863129,0.502175176225963,0.4583137039436639,0.958755277544381,0.2587566970434666,0.18362001022475222,0.9666239888690197,7.237421028062189,2.691838871095009,0.18862710680451328,22813,0.8553877136894127,1.1690768250514558,0.9651688535189039,0.7704774137508252,0.6936183565359669,3
0.3391634941950078,0.33410960840813336,0.19011747355838884,0.03791331791461952,0.21455175882328256,2.4452884371855985,0.07347033324231127,0.6020654915220721,0.5285951802763305,0.9769746447882026,0.2614268236633546,0.08838815276016805,0.9830694284174457,7.454944644856082,2.733356681812292,0.1784545525377261,175673,0.5831311896786288,1.731879873833137,0.8941149797097646,0.7647159533535971,0.6447123712752961,3
0.28120851963572485,0.28400370817469356,0.12176980732532203,0.01490659397574676,0.17248164280482162,2.753242857870055,0.11299185129875725,0.43777016460054474,0.3247783118986848,0.9727683353551232,0.3133215250348363,0.12623720196996274,0.9779865317917977,6.946822879642775,2.770771572337582,0.1774352533231985,69036,0.49629600546477726,2.0191778321240195,0.8538729891499389,0.8149897017073667,0.5886905196080802,3
0.3070443517356411,0.30770644742625664,0.17138250472048397,0.02997439208689455,0.3691226527925785,2.926143352839067,0.07543463264497721,0.5261941056250179,0.450759481200781,0.9525133148659722,0.24241068169627222,0.20389858690210788,0.9558749519574165,7.19499412305035,2.66551182523302,0.19238960998012541,25576,0.9197914517319106,1.088541144272524,0.9755615310157493,0.561111836160294,0.75050392084618,3
0.2746667927642995,0.2759064079462147,0.12011673639514993,0.014430330717200578,0.22274518874117272,2.9069232556935773,0.11049140381986373,0.4299569156178481,0.319465512458999,0.9731094325637452,0.3203442723524413,0.12601312105085194,0.9779550313416125,6.912026367083411,2.7683670949686863,0.1777810196930051,68045,0.5066338059072042,2.0000520898184955,0.85791243757442,0.8116380101575952,0.5958244192655469,3
0.2648789729935811,0.2442640380248585,0.14497225066127134,0.021083140626637697,0.8188418480338288,3.747889412477038,0.09688129477597827,0.46347778333476614,0.36659648855878785,0.9496295451734452,0.2594304042100108,0.22991732917920502,0.9520816978790021,7.040726911401239,2.593007051811147,0.2031241439687017,24903,0.8940419159309693,1.1185208339609725,0.9705810542366955,0.5718229936637137,0.767577790115531,3
0.21688058141684396,0.1943934360229234,0.12983307228519816,0.017258972730370664,1.3133217172288416,5.770410159320428,0.07219844937936543,0.3919298562180114,0.3197313787775653,0.9698799080491026,0.3361367131791125,0.14083049640381393,0.9762856957439231,6.82487343841628,2.788467632332899,0.16908478594942694,51031,0.7032681215614758,1.4452424329862943,0.8676470022693614,0.8017769850899468,0.678959606447675,3
0.47432945143126354,0.47985584569798656,0.10732308775843409,0.011949372924596226,-0.2587067706247381,3.441773783195795,0.33713367530085186,0.6018860425992837,0.26475243536897697,0.9444032227931112,0.26875940405108834,0.19768944378774542,0.9342421364002704,6.730663986069526,2.7861576194506927,0.17366514791840304,17176,0.9402742856569839,1.0640816834808478,0.98790055908755,0.673641719554234,0.74557898378869,3
0.34611144333360705,0.3614726592320863,0.16438323123715814,0.02873118722734072,-0.055025417226168966,2.388133851139578,0.10331501433050508,0.5477273027557784,0.44441231497200245,0.973262290751235,0.30109689283076957,0.11525215976751314,0.9778416336627533,7.272910932259366,2.7443951918612304,0.18152226188975,63581,0.5568795217619443,1.8176632448861094,0.8562435486165896,0.850951266506226,0.5640995146237517,3
0.20870904438176976,0.18912217597521522,0.12206273146467178,0.015328240201722618,1.3970839270837712,6.401168631402556,0.07287824039457161,0.3689292832081657,0.29605102594660426,0.9703475971630482,0.3542795918261403,0.1476859628394453,0.974484958326143,6.731913230712847,2.7803674016562696,0.17001652609780554,50366,0.7391143055663313,1.3766150070397305,0.8948428406616615,0.7873914030225222,0.7028931322990701,3
0.2550794583924849,0.23120891133021013,0.16725046210880556,0.027992130095193267,0.8220850863192999,3.824095460273351,0.053811143473286895,0.4804392398570238,0.42662808931770024,0.9689752419478145,0.3098059552172987,0.12070145172636346,0.9780057815779646,7.192409396395918,2.7272672402565177,0.18164534225259513,45117,0.6496949743217905,1.5397752633359412,0.9271341952694584,0.7826966215268052,0.6009647646748206,3
0.2960164450735433,0.292225162066508,0.11956497107716267,0.01432919619188924,0.6126917748956388,4.488527245021093,0.14353818997637044,0.44528228057889196,0.3017440846755543,0.9662202792870582,0.35061375497614455,0.16750842217020256,0.9653752508173117,6.851407813373362,2.699709464357353,0.1881480768379885,31993,0.5849170221038833,1.8262148656598924,0.8365099811016842,0.8163491697551319,0.5527591937695615,3
0.4618097036891169,0.46397974214497867,0.09436002906125208,0.008921793474138922,-0.010271905445242147,3.4925946814293436,0.3421619845324111,0.5768009661188813,0.2346390751182041,0.9447593980574435,0.2761355856878996,0.204472195125697,0.9331506212294773,6.589338987063687,2.79143562058481,0.17250888825613706,17198,0.9226229478298251,1.0839763772083522,0.9863113627664739,0.72277644737498,0.736905141547896,3
0.259098578910268,0.23605404568226662,0.16279026408377323,0.026542273443509738,0.6486449531727528,3.0669633475221474,0.06457008226784941,0.4876992821335675,0.42312916531388656,0.9753454018667638,0.3309253517444391,0.09474961174809016,0.9847737064398527,7.2041371692308624,2.7609864615926267,0.17735885612521127,42291,0.6779291976807068,1.4781278881253077,0.9181086530558721,0.9015063478891651,0.521725153027644,3
0.27959277224267254,0.2527566780517049,0.15700158550680282,0.024649727388631065,0.8887157677151343,3.8334247283712073,0.10113415456784944,0.4939946934398012,0.39286051707755726,0.9577086261484088,0.2699527558172969,0.18280426648602033,0.9643519550812659,7.197821823100152,2.604178518115937,0.20202810242249375,35376,0.8147734494486648,1.2358089702623258,0.946424019049017,0.7142943842465853,0.6948186147916429,3
0.2686945015114867,0.2462338951562222,0.15618389226243884,0.024508262072449757,0.7289793698377764,3.2611414340022664,0.08498151594478794,0.48445066671742987,0.3994691428982322,0.9511615439314896,0.2571680292810395,0.22802146595469686,0.9523625892886409,7.178050281820557,2.5950226254567794,0.2039575841012296,25404,0.8853084901559398,1.1298781761110277,0.9638277512717411,0.5546812683976862,0.7619902593966575,3
0.3495672042468888,0.34371959218984555,0.20346323409210004,0.04156007046510882,0.18598774981789362,2.1491354550521238,0.07173374331016551,0.6332360396616199,0.5615023169454416,0.9773171077398002,0.24603520793628114,0.0920982338416634,0.9818576799029435,7.569762517545694,2.7349559243696175,0.17850730891508726,158158,0.6696316530509129,1.5040330597389306,0.9122708507533688,0.733626936162073,0.6568562919399467,3
0.2701201261023965,0.24604872609198689,0.15097481275254113,0.022793941993298285,0.8100934093120477,3.503553458912467,0.09541454906137303,0.4803250885655821,0.38491053950420906,0.9493455371630114,0.25674557658447766,0.23840948975927898,0.9490057698411374,7.163347736632848,2.5711619301449984,0.20772260338207973,26161,0.8919913379703251,1.121129163226076,0.9633950293713911,0.5043557946937198,0.7782763951810866,3
0.2571041365142943,0.233328903878391,0.1631800130228344,0.026670525414340392,0.6727765507408734,3.1221768811478987,0.06285735339086897,0.48626442508837364,0.42340704152117103,0.9754547338927264,0.3318624929799719,0.09412407334979796,0.9849214845078683,7.199268027593828,2.762466167491885,0.17706169563992885,42404,0.6760915381275453,1.4822341179384773,0.9183633362069834,0.9024656787333395,0.5213743956093813,3
0.18623850649522933,0.1709861330690719,0.08768600930140934,0.007746153222082119,1.3196873563644271,6.661556807482527,0.0906328454488824,0.29958747877111946,0.2089546414865558,0.9735175253049289,0.4528015528884551,0.1694788299277213,0.9688083469568911,6.267853043678876,2.6575643432191938,0.19074459882582287,40116,0.9404497465349262,1.0648367651543436,0.9843366030102031,0.6313053634559067,0.7477406536231267,3
0.1753911832065578,0.1675264029386668,0.10119374056392655,0.010262712707953535,0.8879162724608695,4.878155314984598,0.048289649291814896,0.3073493864368948,0.25905979504578736,0.9701708891147702,0.40868847687871984,0.155941549245478,0.9710527195292297,6.526271578067976,2.6889656816391865,0.1868884147019215,54348,0.8452402530380536,1.2477293415165651,0.9643022452192749,0.6536822344141588,0.744569387008951,3
0.15326816021161907,0.12497393898922962,0.12048665289952319,0.014930839657267152,1.4881351719286284,6.726813702891749,0.030621105456526305,0.3158795442668951,0.2852584557960179,0.9795812025986927,0.4688046955266533,0.11272119918730697,0.9770984967273842,6.339856287680509,2.6864603593892835,0.18902799773213144,64062,0.8797114821037105,1.1634465932077653,0.9720773995244909,0.6284734411399271,0.7846774839994012,3
0.24718809233069947,0.23825161381008175,0.1333652686836668,0.01865448711339262,0.9850259137522296,5.562035712632371,0.08048861614872153,0.413372353845155,0.33288369687655583,0.9647142071017643,0.32709471720980166,0.1668685733317093,0.9678886071945746,6.91496264274427,2.7025354851488217,0.18375537111274942,47160,0.7431956980453606,1.361505047698156,0.9455679001772649,0.6803325410679684,0.7339044275223269,3
0.3080076654627919,0.30833700371852757,0.15950993582532527,0.025469505611951885,0.10683092595179566,2.339460411518885,0.09166815914905624,0.5192602144863316,0.4275920522954035,0.9714698711761725,0.2665387837471417,0.13297389903509943,0.973701368593615,7.234828551557698,2.667342836300723,0.19420603508304798,51711,0.7436494643361907,1.3788851805531475,0.9468385817199361,0.7853924545423092,0.698173073936034,3
0.3177458281463331,0.3095899512955276,0.14530335446814116,0.021731246144602097,0.3946374606924855,3.211131273073029,0.12319542476571313,0.5132342461827557,0.3900389086693351,0.9717926142374224,0.30568039948230175,0.12655665362029006,0.9756958897008782,7.142258931882914,2.6937868280673514,0.18844442612315,42778,0.6639908711936662,1.5422077905453122,0.8941530174641851,0.797848299417568,0.6314885609172358,3
0.3098749490786083,0.2953182131993092,0.14502771590223368,0.021373086994973547,0.6107756576855328,3.6564558122652833,0.13643404094959258,0.5026816791262606,0.3662475775129695,0.9731645602713074,0.33613978616685897,0.10062640870751298,0.9812189542614868,7.116492822855696,2.7694128015979227,0.1768377514582374,41539,0.733511765258906,1.3685439552866072,0.9272130728769408,0.8542793487934387,0.5709837125885275,3
0.3303202040646245,0.3091718067442665,0.13011756571290428,0.01740757275768883,1.165996872731146,5.868131625925185,0.19333459686359863,0.48739208793323957,0.2940575042841038,0.9728827736264404,0.36700854779433384,0.09304901383020504,0.9799929730488244,6.871806967031847,2.8184219095559375,0.16862596053729853,43329,0.764598010191709,1.3194286689724521,0.9463044331301664,0.8126981558075989,0.6307249217016175,3
0.3194342804615617,0.30308449114629976,0.14384743958496216,0.020813764311993443,0.581827843053817,3.3404593260832556,0.14809418270309171,0.5138431416999744,0.3657489589968826,0.9510007660558161,0.2642220066443908,0.22289893261948293,0.9485871212343345,7.115961407843388,2.611924980580302,0.20127272238645955,26999,0.8577887989895412,1.1708596643187585,0.9447479935580153,0.5680784942148466,0.7572695360694494,3
0.4243888314910784,0.42517316889684187,0.0933277559630444,0.008710286091211007,0.4525215502476083,6.586295671123663,0.30901781248219107,0.534043463140499,0.22502572779843355,0.9469897179917937,0.29479762258385167,0.23622059629672226,0.9334581558588124,6.513559111413628,2.7602770757876933,0.17689054461383522,14962,0.8879777308217456,1.1360537114384455,0.9656282015838353,0.6774235344234193,0.7217254692250413,3
0.2752483926220714,0.24670068516445265,0.15468960204257262,0.023936644516357682,0.9734272792814553,4.018863280864854,0.10217109463147064,0.486696400019158,0.3845253053876873,0.9513917403233664,0.25514408428593705,0.21904495327430878,0.9550853469069173,7.171570380800623,2.5639986956665872,0.2083583761471286,30977,0.8655714757230564,1.1559043338862225,0.9589466512389404,0.6037571780550834,0.7591915961737093,3
0.4333820698002355,0.43898289911969024,0.13367734679883006,0.018348531011608226,0.002741170178253892,2.889920956545846,0.2559929571373806,0.5963301240106456,0.34033716879679604,0.955392293625267,0.2766866118475191,0.1806063593115083,0.9496782663312332,7.022986429386939,2.720345396545313,0.18399223655789873,28942,0.7898447882989413,1.2712585773293428,0.9076200539717988,0.7231606251705966,0.7048690941624803,3
0.327983150395937,0.3213944375937393,0.16469751403079969,0.02738818022626518,0.47482266609524004,3.651056409202469,0.10719472063791122,0.5342818314136333,0.42708710893194324,0.9621770782227226,0.2751108074402131,0.1338488004053306,0.9725047778841379,7.308935314199432,2.6711904075663333,0.19272972028731003,69560,0.6043705391717771,1.6550131493199358,0.9211498613080428,0.7695453969119979,0.6762587304695515,3
0.31841545629629164,0.3343874277882639,0.17412605288755076,0.03139500841276431,0.1807737515632759,2.9605656771705053,0.06810675193135832,0.5284107189824541,0.46030397909965537,0.9544019932645628,0.2387615806910876,0.17722696881259942,0.9628742139519179,7.068800072033108,2.7343100263086813,0.17997888541138,24057,0.93398236504231,1.0718312310333804,0.9893180161402225,0.6694706738474545,0.7244395890981308,3
0.3199980984524962,0.33551443175815443,0.1544198728332599,0.0261513009544131,0.08576599408114605,2.796111189915116,0.09551621560105465,0.5042329404292506,0.40871673518322293,0.9614443984895347,0.2611956096283661,0.16481235384813198,0.9675498788308498,6.9726416532934925,2.7755268572547442,0.17566151618621223,25076,0.8739826309472691,1.1559141307007572,0.9834751285678052,0.7605414074646055,0.658253495652145,3
0.2310295771947966,0.20382573594045122,0.14284149835599227,0.020429137162562696,1.143497192464789,4.6045971843153435,0.07058044513304562,0.43021024172502376,0.3596297368545845,0.968781730066489,0.30140124437448407,0.13024269289345347,0.9791421110150494,6.981295097485647,2.8065824382485847,0.16699715360668027,51749,0.6373303699014793,1.5694064320654495,0.8212118734969824,0.831300587163206,0.6414312000490285,3
0.2947916924320544,0.2953873290348532,0.18526837694309034,0.0344395967849872,0.19749584894435013,2.2592865046303907,0.04440906066462344,0.5312122866345134,0.4868032054284829,0.9582502077492266,0.24675055735794324,0.17389601490903217,0.9664587596269733,7.239472650576586,2.7268996445626152,0.18275549017466636,23505,0.8887653742222605,1.1283721187720475,0.9741054701159703,0.7302326347983733,0.6988588106289819,3
0.32296456264546186,0.3472751032369079,0.17637451870296944,0.032759532946493385,0.12473421921440253,3.3371449305319074,0.060557608154657744,0.5277780621486794,0.46722047399402167,0.9557503027248271,0.24092656044430785,0.1738237266477761,0.964580430356955,7.095179502020734,2.7869919223738537,0.17283952059925908,23990,0.940925670999896,1.0638660147500059,0.9887452649506331,0.6685184846092225,0.7081781352695733,3
0.2402359064506015,0.21460164635391876,0.15321958569320074,0.024394368040640935,2.178642407066314,10.101252108572467,0.09982782803213791,0.4001517530420875,0.30032399992135506,0.9314965330174799,0.2762407515346589,0.3494458963395788,0.9418753905255888,6.7280115082718215,2.8282583766630136,0.16775899502674482,8096,0.8624699942028378,1.1677739721008862,0.9564703012052207,0.6351384354326854,0.6912871049917734,3
0.23319175943409265,0.22176374132258037,0.1341582882755249,0.018973871589796888,0.7418122136348343,4.1890522058161315,0.06864367762596003,0.4104972978958148,0.34185360605474197,0.9739764716492542,0.33643013506561587,0.11182232052254626,0.9783297425913844,6.665770894387489,2.7015608785616863,0.1836614324452251,98712,0.7826299548052916,1.3686523772731345,0.939889759767321,0.6671951616976807,0.6857203330910577,3
0.23122347834366325,0.21653671717655323,0.12695191718394847,0.016882431842852475,1.4311011321143665,6.878508062549112,0.10042523771474464,0.3752656488387027,0.2748404554612061,0.9434851932667563,0.2801942722692684,0.26358185742572515,0.954777648535614,6.742520461260743,2.7909440148528657,0.17348199973105882,17449,0.8935566963830542,1.1191332865183354,0.9776377656119734,0.7134299902282083,0.7032833343104054,3
0.2244856489386182,0.21332362223169077,0.12004323924182592,0.014708849725847841,0.7073659244615892,3.890820963219562,0.07825786580146002,0.3842930977600969,0.30603523738763644,0.9713841340426047,0.31219155126954246,0.13085195573618516,0.978960706342349,6.8224823609012395,2.7400097271877506,0.18168082346502196,53546,0.6157703672768573,1.7234075650408507,0.8952207342144177,0.690504920523116,0.621379491650135,3
0.24305483920278576,0.21669842764011812,0.15576173278037164,0.02506316427297265,2.1490199395946616,9.633732666701318,0.10081582428065211,0.4058863461962691,0.3050706009210257,0.9303039294045218,0.27173149013764597,0.34810480322921417,0.9417364264090471,6.749508675752361,2.8375755092298083,0.16644934727290983,8142,0.868217896279209,1.1589933245416082,0.9600099764039425,0.6415011510335058,0.6933010782391653,3
0.2592498680072014,0.24528243683688694,0.13303874183693773,0.017728268637680865,0.8264440727772853,4.218826288049257,0.10470107377066362,0.43476077463427953,0.33005970264678164,0.950160501145883,0.2646271028705361,0.2126511250239344,0.9577305973445774,6.8043397938344405,2.636983843228991,0.19402619036441382,22648,0.8971363288886326,1.1146768641942884,0.9840544925437268,0.7051076683310237,0.7462113786818121,3
0.3653534192881691,0.35945748287813395,0.11410959179937917,0.013433879806761683,0.38007498478837776,3.7399516759148415,0.2274323735145184,0.5115828002132246,0.28415047503511714,0.9473018060175279,0.26933689468801114,0.20772537270194946,0.9449276169545572,6.698183032194203,2.711933171413041,0.1835361148559554,19889,0.9105039070365093,1.0985652515609985,0.9854954085893379,0.713155653702474,0.7432085081530545,3
0.3221411482062496,0.3200361504183933,0.17178851687365848,0.03044323534574022,0.14622937667934197,2.155399532795559,0.0934345290699778,0.5570398960133002,0.4636053743350305,0.975144412172979,0.2668907154639646,0.11576643358017469,0.9782793875147053,7.343969358211923,2.7571319774081267,0.17795622041369974,87554,0.6678364002192236,1.5427324614074895,0.8998760396901906,0.7463144549875059,0.6322460728324388,3
0.15011326898328367,0.13468753418410692,0.08422506615056885,0.007098282262006585,1.388813749286976,6.881422550080045,0.05925766353512313,0.2603007574567269,0.20104310388414082,0.9750065886984128,0.4640431278728385,0.1776041906276063,0.9696425521761477,6.183396472940987,2.6315089066613644,0.19431713620806879,41522,0.9561791100324121,1.045953571439669,0.9860267304632454,0.6071713181381424,0.7467321881555827,3
0.34287803099446373,0.3474620395541378,0.16143031522976273,0.026120054408868366,0.18618700702245317,2.5143692643750564,0.12312028533319665,0.5513968793150172,0.4282765939818206,0.9636431361109916,0.248051417610351,0.12437707120820952,0.9712635366955576,7.258474192886044,2.7243688734620535,0.18552240293796168,77338,0.9479899388402508,1.0713993253371379,0.9841738031073952,0.5783762040322569,0.7549122992083351,3
